test_id,left_channel,right_channel,body_source,engine_channel,engine_status,engine_duration_ms,whel_channel,energy_ratio,calc_crush_mm,calc_peak_g,status
10000,10DOORLERE00AC1P,,Comprehensive_Optimization_10only,10ENGN000000AC1P,Valid,330.0,,1.001,1175.2,35.23,Outlier
10001,10FORALERERDAC1P,,Comprehensive_Optimization_10only,10ENGN000000AC1P,Valid,128.0,,1.017,755.3,37.34,Valid
10002,10FORALERE00AC1P,,Comprehensive_Optimization_10only,10ENGN000000AC1P,Valid,350.0,,1.008,772.5,33.64,Valid
10007,10DOORLERERDAC1P,10DOORRIRERDAC1P,DOOR_Rear,10ENGN000000AC1P,Valid,330.0,,1.007,684.4,58.4,Valid
10027,10DOORLERERDAC1P,,Comprehensive_Optimization_10only,10ENGN000000AC1P,Valid,330.0,,1.002,1098.6,40.83,Outlier
10028,10FORALERERDAC1P,10FORARIRERDAC1P,FORA_Rear,10ENGN000000AC1P,Valid,350.0,,1.003,625.0,52.12,Valid
10029,10SEATLEFR01AC1P,,SEAT_Single,,Missing,0.0,,1.006,672.7,25.51,Valid
10031,10DOORLERERDAC1P,10DOORRIRERDAC1P,DOOR_Rear,10ENGN000000AC1P,Valid,330.0,,1.003,658.2,59.8,Valid
10034,10DOORLERERDAC1P,,Comprehensive_Optimization_10only,10ENGN000000AC1P,Valid,330.0,,1.004,739.1,34.51,Valid
10039,10DOORLERE00AC1P,,Comprehensive_Optimization_10only,10ENGN000000AC1P,Valid,330.0,,1.063,411.2,66.82,Valid
10049,10DOORLERE00AC1P,,Comprehensive_Optimization_10only,10ENGN000000AC1P,Valid,330.0,,1.002,1178.7,29.57,Outlier
10050,10DOORLERERDAC1P,,Comprehensive_Optimization_10only,10ENGN000000AC1P,Valid,330.0,,1.007,569.1,39.6,Valid
10058,10SEATRIRERDAC1P,,Comprehensive_Optimization_10only,10ENGN000000AC1P,Valid,350.0,,1.006,634.9,41.18,Valid
10060,10FORALERE00AC1P,,Comprehensive_Optimization_10only,10ENGN000000AC1P,Valid,350.0,,1.024,672.9,42.17,Valid
10068,10DOORLERERDAC1P,10DOORRIRERDAC1P,DOOR_Rear,10ENGN000000AC1P,Valid,330.0,,1.006,667.6,38.15,Valid
10075,10DOORLERERDAC1P,10DOORRIRERDAC1P,DOOR_Rear,10ENGN000000AC1P,Valid,330.0,,1.001,670.1,40.77,Valid
10076,10DOORLERERDAC1P,10DOORRIRERDAC1P,DOOR_Rear,10ENGN000000AC1P,Valid,330.0,,1.002,635.1,34.72,Valid
10088,10DOORLERERDAC1P,,Comprehensive_Optimization_10only,10ENGN000000AC1P,Valid,330.0,,1.002,706.6,34.29,Valid
10091,10FORALERERDAC1P,,Comprehensive_Optimization_10only,10ENGN000000AC1P,Valid,350.0,,1.006,1053.6,37.19,Valid
10131,10FORALERE00AC1P,,Comprehensive_Optimization_10only,10ENGN000000AC1P,Valid,350.0,,1.009,713.0,34.25,Valid
10137,10FORALERERDAC1P,10FORARIRERDAC1P,FORA_Rear,10ENGN000000AC1P,Short (95.0ms),95.0,,1.005,615.2,42.52,Valid
10146,10FORALERE00AC1P,,Comprehensive_Optimization_10only,10ENGN000000AC1P,Valid,350.0,,1.005,730.2,44.08,Valid
10149,10SEATLERERDAC1P,,Comprehensive_Optimization_10only,10ENGN000000AC1P,Valid,360.1,,1.006,669.3,36.22,Valid
10150,10DOORLERERDAC1P,10DOORRIRERDAC1P,DOOR_Rear,10ENGN000000AC1P,Valid,330.0,,1.002,641.6,38.5,Valid
10151,10FORARIRERDAC1P,,Comprehensive_Optimization_10only,10ENGN000000AC1P,Valid,350.0,,1.002,734.9,44.75,Valid
10156,10SEATLERE00AC1P,,Comprehensive_Optimization_10only,10ENGN000000AC1P,Valid,350.0,,1.004,689.6,35.88,Valid
10159,10DOORLERERDAC1P,10DOORRIRERDAC1P,DOOR_Rear,10ENGN000000AC1P,Valid,330.0,,1.002,549.1,61.27,Valid
10165,10FORALERERDAC1P,10FORARIRERDAC1P,FORA_Rear,10ENGN000000AC1P,Short (100.0ms),100.0,,1.041,649.8,52.66,Valid
10168,10DOORLERERDAC1P,10DOORRIRERDAC1P,DOOR_Rear,10ENGN000000AC1P,Valid,330.0,,1.001,656.6,38.8,Valid
10169,10DOORLERE00AC1P,,Comprehensive_Optimization_10only,10ENGN000000AC1P,Valid,330.0,,1.003,624.4,36.29,Valid
10174,10FORALERE00AC1P,,Comprehensive_Optimization_10only,10ENGN000000AC1P,Valid,108.0,,1.009,583.8,40.26,Valid
10175,10SEATLERE00AC1P,,Comprehensive_Optimization_10only,10ENGN000000AC1P,Valid,360.1,,1.004,625.9,45.09,Valid
10180,10FORALERERDAC1P,10FORARIRERDAC1P,FORA_Rear,10ENGN000000AC1P,Short (100.0ms),100.0,,1.02,579.4,57.51,Valid
10183,10FORALERE00AC1P,,Comprehensive_Optimization_10only,10ENGN000000AC1P,Valid,350.0,,1.013,630.1,36.9,Valid
10185,10SEATLERERDAC1P,,Comprehensive_Optimization_10only,10ENGN000000AC1P,Valid,360.1,,1.009,669.9,49.52,Valid
10189,10DOORLERE00AC1P,,Comprehensive_Optimization_10only,10ENGN000000AC1P,Valid,330.0,,1.002,659.1,35.04,Valid
10191,10FORALERE00AC1P,,Comprehensive_Optimization_10only,10ENGN000000AC1P,Valid,350.0,,1.007,661.0,40.56,Valid
10195,10DOORLERE00AC1P,,Comprehensive_Optimization_10only,10ENGN000000AC1P,Valid,330.0,,1.001,689.8,40.64,Valid
10309,10DOORLERERDAC1P,,Comprehensive_Optimization_10only,10ENGN000000AC1P,Valid,330.0,,1.014,750.8,44.0,Valid
10310,10SEATLERERDAC1P,,Comprehensive_Optimization_10only,10ENGN000000AC1P,Valid,360.1,,1.004,647.7,38.47,Valid
10312,10DOORLERE00AC1P,,Comprehensive_Optimization_10only,10ENGN000000AC1P,Valid,330.0,,1.002,645.1,47.85,Valid
10316,10FORALERE00AC1P,,Comprehensive_Optimization_10only,10ENGN000000AC1P,Short (75.0ms),75.0,,1.004,679.3,54.17,Valid
10317,10DOORRIRERDAC1P,,Comprehensive_Optimization_10only,10ENGN000000AC1P,Valid,330.0,,1.013,668.2,36.46,Valid
10320,10DOORLERE00AC1P,,Comprehensive_Optimization_10only,10ENGN000000AC1P,Valid,330.0,,1.001,712.3,34.63,Valid
10342,10DOORLERERDAC1P,,Comprehensive_Optimization_10only,10ENGN000000AC1P,Valid,330.0,,1.004,613.5,43.07,Valid
10343,10FORALERE00AC1P,,Comprehensive_Optimization_10only,10ENGN000000AC1P,Short (51.0ms),51.0,,1.006,707.1,44.0,Valid
10346,10DOORLERE00AC1P,,Comprehensive_Optimization_10only,10ENGN000000AC1P,Valid,330.0,,1.002,637.9,45.81,Valid
10349,10DOORLERE00AC1P,,Comprehensive_Optimization_10only,10ENGN000000AC1P,Valid,330.0,,1.002,658.5,43.89,Valid
10383,10DOORLERE00AC1P,,Comprehensive_Optimization_10only,10ENGN000000AC1P,Valid,330.0,,1.001,656.6,34.67,Valid
10387,10FORALERE00AC1P,,Comprehensive_Optimization_10only,10ENGN000000AC1P,Short (93.0ms),93.0,,1.008,699.1,36.5,Valid
10391,10DOORLERERDAC1P,10DOORRIRERDAC1P,DOOR_Rear,10ENGN000000AC1P,Valid,330.0,,1.001,694.2,33.15,Valid
10551,10FORALERE00AC1P,,Comprehensive_Optimization_10only,10ENGN000000AC1P,Valid,350.0,,1.004,654.0,47.02,Valid
10552,10FORALERE00AC1P,,Comprehensive_Optimization_10only,10ENGN000000AC1P,Valid,350.0,,1.01,638.0,39.87,Valid
10555,10SEATLERERDAC1P,,Comprehensive_Optimization_10only,10ENGN000000AC1P,Valid,360.1,,1.003,691.7,43.2,Valid
10556,10FORALERE00AC1P,,Comprehensive_Optimization_10only,10ENGN000000AC1P,Valid,350.0,,1.019,659.4,38.58,Valid
10557,10FORALERE00AC1P,,Comprehensive_Optimization_10only,10ENGN000000AC1P,Valid,350.0,,1.007,663.2,34.19,Valid
10562,10SEATLERERDAC1P,,Comprehensive_Optimization_10only,10ENGN000000AC1P,Valid,360.1,,1.006,629.5,44.29,Valid
10576,10FORARIRE00AC1P,,Comprehensive_Optimization_10only,10ENGN000000AC1P,Valid,350.0,,1.007,1008.6,57.15,Outlier
10635,10DOORRIRE00AC1P,,Comprehensive_Optimization_10only,10ENGN000000AC1P,Valid,350.0,,1.018,631.5,41.23,Valid
10638,10FORALERE00AC1P,,Comprehensive_Optimization_10only,10ENGN000000AC1P,Valid,350.0,,1.004,1531.4,45.1,Outlier
10642,10SEATLERE00AC1P,,Comprehensive_Optimization_10only,10ENGN000000AC1P,Valid,360.1,,1.005,581.7,48.86,Valid
10647,10FORALERERDAC1P,10FORARIRERDAC1P,FORA_Rear,10ENGN000000AC1P,Valid,350.0,,1.005,645.1,51.26,Valid
10648,10SEATLERERDAC1P,10SEATRIRERDAC1P,SEAT_Rear,10ENGN000000AC1P,Valid,350.0,,1.003,608.4,41.01,Valid
10651,10FORALERERDAC1P,10FORARIRERDAC1P,FORA_Rear,10ENGN000000AC1P,Valid,350.0,,1.017,607.7,44.26,Valid
10652,10SEATLERE00AC1P,,Comprehensive_Optimization_10only,10ENGN000000AC1P,Valid,350.0,,1.003,636.6,37.18,Valid
10656,10FORALERE00AC1P,,Comprehensive_Optimization_10only,10ENGN000000AC1P,Valid,350.0,,1.007,741.0,39.59,Valid
10660,10FORALERERDAC1P,,Comprehensive_Optimization_10only,10ENGN000000AC1P,Short (60.0ms),60.0,,1.01,1449.9,38.3,Outlier
10671,10FORARIRE00AC1P,,Comprehensive_Optimization_10only,10ENGN000000AC1P,Valid,350.0,,1.006,1162.8,38.74,Outlier
10672,10DOORLERE00AC1P,,Comprehensive_Optimization_10only,10ENGN000000AC1P,Valid,350.0,,1.004,596.6,42.26,Valid
10675,10FORALERE00AC1P,,Comprehensive_Optimization_10only,10ENGN000000AC1P,Short (75.0ms),75.0,,1.006,730.4,38.45,Valid
10680,10FORALERE00AC1P,,Comprehensive_Optimization_10only,10ENGN000000AC1P,Valid,350.0,,1.004,753.6,30.14,Valid
10681,10DOORLERERDAC1P,,Comprehensive_Optimization_10only,10ENGN000000AC1P,Valid,350.0,,1.005,599.8,35.83,Valid
10682,10SEATLERE00AC1P,,Comprehensive_Optimization_10only,10ENGN000000AC1P,Valid,360.1,,1.003,665.7,38.52,Valid
10690,10FORALERE00AC1P,,Comprehensive_Optimization_10only,10ENGN000000AC1P,Valid,350.0,,1.004,718.4,35.99,Valid
10702,10FORALERERDAC1P,,Comprehensive_Optimization_10only,10ENGN000000AC1P,Valid,108.0,,1.005,645.8,43.43,Valid
10704,10SEATLERE00AC1P,,Comprehensive_Optimization_10only,10ENGN000000AC1P,Valid,350.0,,1.002,619.6,47.84,Valid
10706,10FORALERERDAC1P,,Comprehensive_Optimization_10only,10ENGN000000AC1P,Valid,350.0,,1.004,677.8,40.63,Valid
10709,10SEATLERE00AC1P,,Comprehensive_Optimization_10only,10ENGN000000AC1P,Valid,350.0,,1.004,567.7,43.71,Valid
10712,10DOORLERE00AC1P,,Comprehensive_Optimization_10only,10ENGN000000AC1P,Valid,350.0,,1.002,648.4,47.9,Valid
10713,10SEATLERE00AC1P,,Comprehensive_Optimization_10only,10ENGN000000AC1P,Valid,360.1,,1.003,649.4,39.39,Valid
10714,10SEATLERE00AC1P,,Comprehensive_Optimization_10only,10ENGN000000AC1P,Valid,350.0,,1.003,709.3,30.18,Valid
10721,10FORALERERDAC1P,,Comprehensive_Optimization_10only,10ENGN000000AC1P,Valid,350.0,,1.006,681.8,45.57,Valid
10724,10DOORLERE00AC1P,,Comprehensive_Optimization_10only,10ENGN000000AC1P,Valid,350.0,,1.003,645.9,28.86,Valid
10725,10SEATLERE00AC1P,,Comprehensive_Optimization_10only,10ENGN000000AC1P,Valid,350.0,,1.004,624.5,43.0,Valid
10732,10SEATLERE00AC1P,,Comprehensive_Optimization_10only,10ENGN000000AC1P,Valid,350.1,,1.007,638.5,45.0,Valid
10733,10FORALERE00AC1P,,Comprehensive_Optimization_10only,10ENGN000000AC1P,Valid,350.0,,1.036,710.0,46.53,Valid
10737,10SEATLERE00AC1P,,Comprehensive_Optimization_10only,10ENGN000000AC1P,Valid,350.1,,1.005,656.0,44.27,Valid
10763,10DOORLERE00AC1P,,Comprehensive_Optimization_10only,10ENGN000000AC1P,Valid,350.0,,1.002,618.6,47.69,Valid
10768,10DOORLERE00AC1P,,Comprehensive_Optimization_10only,10ENGN000000AC1P,Valid,350.0,,1.004,667.2,34.29,Valid
10770,10FORALERE00AC1P,,Comprehensive_Optimization_10only,10ENGN000000AC1P,Valid,350.0,,1.005,659.2,41.82,Valid
10778,10FORALERE00AC1P,,Comprehensive_Optimization_10only,10ENGN000000AC1P,Valid,350.0,,1.016,717.9,42.78,Valid
10793,10SEATLERE00AC1P,,Comprehensive_Optimization_10only,10ENGN000000AC1P,Valid,350.0,,1.005,660.5,42.7,Valid
10797,10FORALERE00AC1P,,Comprehensive_Optimization_10only,10ENGN000000AC1P,Short (83.0ms),83.0,,1.014,692.6,34.0,Valid
10807,10SEATLERE00AC1P,,Comprehensive_Optimization_10only,10ENGN000000AC1P,Valid,350.0,,1.004,683.3,33.02,Valid
10816,10SEATLERE00AC1P,,Comprehensive_Optimization_10only,10ENGN000000AC1P,Valid,350.1,,1.004,628.1,38.86,Valid
10826,10FORARIRERDAC1P,,Comprehensive_Optimization_10only,10ENGN000000AC1P,Valid,350.0,,1.007,692.9,41.64,Valid
10830,10SEATLERE00AC1P,,Comprehensive_Optimization_10only,10ENGN000000AC1P,Valid,350.1,,1.022,592.7,37.28,Valid
10831,10SEATLERE00AC1P,,Comprehensive_Optimization_10only,10ENGN000000AC1P,Valid,350.0,,1.005,570.0,41.6,Valid
10837,10FORALERERDAC1P,,Comprehensive_Optimization_10only,10ENGN000000AC1P,Valid,350.0,,1.006,1103.7,45.08,Outlier
10865,10SEATLERE00AC1P,,Comprehensive_Optimization_10only,10ENGN000000AC1P,Valid,350.0,,1.002,555.6,40.1,Valid
10914,10SEATLERE00AC1P,,Comprehensive_Optimization_10only,10ENGN000000AC1P,Valid,350.0,,1.003,640.8,36.82,Valid
10917,10FORALERE00AC1P,,Comprehensive_Optimization_10only,10ENGN000000AC1P,Valid,350.0,,1.005,1423.0,44.85,Outlier
10918,10SEATLERERDAC1P,,Comprehensive_Optimization_10only,10ENGN000000AC1P,Valid,350.1,,1.002,714.3,42.26,Valid
10921,10DOORLERERDAC1P,10DOORRIRERDAC1P,DOOR_Rear,10ENGN000000AC1P,Valid,350.0,,1.002,674.4,39.72,Valid
10925,10FORALERERDAC1P,10FORARIRERDAC1P,FORA_Rear,10ENGN000000AC1P,Valid,350.0,,1.013,521.8,45.21,Valid
10961,10SEATLERE00AC1P,,Comprehensive_Optimization_10only,10ENGN000000AC1P,Valid,350.1,,1.006,705.3,39.99,Valid
10962,10DOORLERE00AC1P,,Comprehensive_Optimization_10only,10ENGN000000AC1P,Valid,350.0,,1.002,630.4,43.42,Valid
10963,10FORALERE00AC1P,,Comprehensive_Optimization_10only,10ENGN000000AC1P,Short (80.0ms),80.0,,1.004,700.3,44.24,Valid
10966,10FORALERERDAC1P,10FORARIRERDAC1P,FORA_Rear,10ENGN000000AC1P,Short (81.0ms),81.0,,1.009,575.5,47.02,Valid
10970,10DOORLERE00AC1P,,Comprehensive_Optimization_10only,10ENGN000000AC1P,Valid,350.0,,1.005,638.6,34.28,Valid
10971,10SEATLERE00AC1P,,Comprehensive_Optimization_10only,10ENGN000000AC1P,Valid,350.0,,1.007,628.4,40.45,Valid
10974,10SEATLERERDAC1P,10SEATRIRERDAC1P,SEAT_Rear,10ENGN000000AC1P,Valid,350.0,,1.007,529.2,46.24,Valid
10976,10SEATLERERDAC1P,10SEATRIRERDAC1P,SEAT_Rear,10ENGN000000AC1P,Valid,350.1,,1.011,524.4,40.45,Valid
10977,10DOORLERE00AC1P,,Comprehensive_Optimization_10only,10ENGN000000AC1P,Valid,350.0,,1.089,1725.6,33.85,Outlier
10982,10FORALERERDAC1P,10FORARIRERDAC1P,FORA_Rear,10ENGN000000AC1P,Short (76.0ms),76.0,,1.007,647.1,45.11,Valid
10988,10FORALERERDAC1P,,Comprehensive_Optimization_10only,10ENGN000000AC1P,Valid,350.0,,1.006,640.1,33.19,Valid
10993,10DOORLERE00AC1P,,Comprehensive_Optimization_10only,10ENGN000000AC1P,Valid,350.0,,1.002,627.8,39.7,Valid
11047,10SEATLERE00AC1P,,Comprehensive_Optimization_10only,10ENGN000000AC1P,Valid,350.0,,1.006,515.7,43.02,Valid
11049,10FORALERERDAC1P,10FORARIRERDAC1P,FORA_Rear,10ENGN000000AC1P,Valid,350.0,,1.003,623.4,33.21,Valid
11064,10SEATLERERDAC1P,10SEATRIRERDAC1P,SEAT_Rear,10ENGN000000AC1P,Valid,350.0,,1.004,618.9,44.54,Valid
11066,10DOORLERERDAC1P,10DOORRIRERDAC1P,DOOR_Rear,10ENGN000000AC1P,Valid,350.0,,1.003,610.1,46.97,Valid
11079,10FORALERERDAC1P,10FORARIRERDAC1P,FORA_Rear,10ENGN000000AC1P,Valid,350.0,,1.026,601.9,47.45,Valid
11081,10FORALERERDAC1P,10FORARIRERDAC1P,FORA_Rear,10ENGN000000AC1P,Valid,350.0,,1.004,713.0,37.89,Valid
11095,10DOORLERE00AC1P,,Comprehensive_Optimization_10only,10ENGN000000AC1P,Valid,350.0,,1.006,580.2,45.2,Valid
11096,10SEATLERE00AC1P,,Comprehensive_Optimization_10only,10ENGN000000AC1P,Valid,350.0,,1.003,593.3,38.15,Valid
11129,10FORARIRERDAC1P,,Comprehensive_Optimization_10only,10ENGN000000AC1P,Valid,350.0,,1.014,756.3,35.53,Valid
11146,10FORALERE00AC1P,,Comprehensive_Optimization_10only,10ENGN000000AC1P,Valid,350.0,,1.007,696.9,40.36,Valid
11149,10SEATLERERDAC1P,10SEATRIRERDAC1P,SEAT_Rear,10ENGN000000AC1P,Valid,350.0,,1.002,682.9,52.64,Valid
11264,10DOORLERERDAC1P,10DOORRIRERDAC1P,DOOR_Rear,10ENGN000000AC1P,Valid,350.0,,1.004,662.9,43.3,Valid
11268,10FORALERERDAC1P,10FORARIRERDAC1P,FORA_Rear,10ENGN000000AC1P,Valid,350.0,,1.004,639.7,30.39,Valid
11270,10FORALERERDAC1P,,Comprehensive_Optimization_10only,10ENGN000000AC1P,Valid,350.0,,1.008,675.4,39.68,Valid
11284,10DOORLERERDAC1P,10DOORRIRERDAC1P,DOOR_Rear,,Missing,0.0,,1.01,475.8,54.45,Valid
11285,10DOORLERERDAC1P,10DOORRIRERDAC1P,DOOR_Rear,,Missing,0.0,,1.006,651.8,35.76,Valid
11286,10DOORLERERDAC1P,10DOORRIRERDAC1P,DOOR_Rear,,Missing,0.0,,1.006,684.1,27.43,Valid
11288,10DOORLERE00AC1P,,Comprehensive_Optimization_10only,10ENGN000000AC1P,Valid,350.0,,1.004,692.2,34.56,Valid
11291,10FORARIRE00AC1P,,Comprehensive_Optimization_10only,10ENGN000000AC1P,Short (74.0ms),74.0,,1.0,1494.6,34.76,Outlier
11295,10DOORLERE00AC1P,,Comprehensive_Optimization_10only,10ENGN000000AC1P,Valid,350.0,,1.06,629.5,44.85,Valid
11296,10FORALERE00AC1P,,Comprehensive_Optimization_10only,10ENGN000000AC1P,Valid,350.0,,1.004,652.9,40.95,Valid
11298,10SEATLERERDAC1P,10SEATRIRERDAC1P,SEAT_Rear,10ENGN000000AC1P,Valid,350.0,,1.003,642.3,38.65,Valid
11299,10SEATLERE00AC1P,,Comprehensive_Optimization_10only,10ENGN000000AC1P,Valid,350.0,,1.002,647.8,55.69,Valid
11345,10DOORLERERDAC1P,10DOORRIRERDAC1P,DOOR_Rear,,Missing,0.0,,1.007,730.2,34.03,Valid
11346,10DOORLERERDAC1P,10DOORRIRERDAC1P,DOOR_Rear,,Missing,0.0,,1.007,774.8,17.2,Valid
11347,10SEATLERERDAC1P,10SEATRIRERDAC1P,SEAT_Rear,10ENGN000000AC1P,Valid,350.0,,1.005,539.4,49.56,Valid
11350,10SEATLERERDAC1P,,Comprehensive_Optimization_10only,10ENGN000000AC1P,Valid,350.1,,1.008,643.3,33.25,Valid
11356,10FORALERE00AC1P,,Comprehensive_Optimization_10only,10ENGN000000AC1P,Short (83.0ms),83.0,,1.011,748.8,40.28,Valid
11361,10DOORLERERDAC1P,10DOORRIRERDAC1P,DOOR_Rear,,Missing,0.0,,1.005,401.4,27.15,Valid
11362,10DOORLERERDAC1P,10DOORRIRERDAC1P,DOOR_Rear,,Missing,0.0,,1.004,711.2,33.37,Valid
11363,10DOORLERERDAC1P,10DOORRIRERDAC1P,DOOR_Rear,,Missing,0.0,,1.018,673.8,19.62,Valid
11364,10DOORLERERDAC1P,10DOORRIRERDAC1P,DOOR_Rear,,Missing,0.0,,1.002,485.9,24.41,Valid
11377,10DOORLERE00AC1P,,Comprehensive_Optimization_10only,10ENGN000000AC1P,Valid,350.0,,1.004,617.8,49.72,Valid
11378,10SEATLERE00AC1P,,Comprehensive_Optimization_10only,10ENGN000000AC1P,Valid,350.1,,1.012,749.6,42.39,Valid
11380,10FORALERERDAC1P,,Comprehensive_Optimization_10only,10ENGN000000AC1P,Valid,350.0,,1.008,684.5,44.92,Valid
11383,10DOORLERERDAC1P,10DOORRIRERDAC1P,DOOR_Rear,10ENGN000000AC1P,Valid,350.0,,1.003,587.8,42.43,Valid
11394,10FORALERE00AC1P,,Comprehensive_Optimization_10only,10ENGN000000AC1P,Valid,350.0,,1.009,661.7,42.44,Valid
11396,10DOORLERERDAC1P,10DOORRIRERDAC1P,DOOR_Rear,10ENGN000000AC1P,Valid,350.0,,1.002,679.5,41.27,Valid
11399,10FORALERE00AC1P,,Comprehensive_Optimization_10only,10ENGN000000AC1P,Valid,350.0,,1.008,859.5,32.49,Valid
11485,10FORALERERDAC1P,10FORARIRERDAC1P,FORA_Rear,10ENGN000000AC1P,Valid,350.0,,1.005,679.7,35.73,Valid
11490,10FORALERE00AC1P,,Comprehensive_Optimization_10only,10ENGN000000AC1P,Valid,350.1,,1.007,1478.8,42.71,Outlier
11491,10SEATRIRE00AC1P,,Comprehensive_Optimization_10only,10ENGN000000AC1P,Valid,350.0,,1.033,736.1,45.0,Valid
11496,10SEATLERERDAC1P,10SEATRIRERDAC1P,SEAT_Rear,10ENGN000000AC1P,Valid,350.0,,1.012,599.3,46.3,Valid
11571,10DOORLERERDAC1P,,Comprehensive_Optimization_10only,10ENGN000000AC1P,Valid,350.0,,1.003,596.3,46.14,Valid
11572,10FORARIRE00AC1P,,Comprehensive_Optimization_10only,10ENGN000000AC1P,Valid,350.0,,1.006,1480.7,30.65,Outlier
11574,10FORALERERDAC1P,,Comprehensive_Optimization_10only,10ENGN000000AC1P,Valid,350.0,,1.01,893.1,38.21,Valid
11575,10FORALERERDAC1P,10FORARIRERDAC1P,FORA_Rear,10ENGN000000AC1P,Valid,350.0,,1.006,548.4,49.54,Valid
11583,10FORALERE00AC1P,,Comprehensive_Optimization_10only,10ENGN000000AC1P,Valid,350.0,,1.006,650.4,45.72,Valid
11589,10FORALERERDAC1P,10FORARIRERDAC1P,FORA_Rear,10ENGN000000AC1P,Valid,101.0,,1.008,705.3,42.54,Valid
11591,10SEATLERE00AC1P,,Comprehensive_Optimization_10only,10ENGN000000AC1P,Valid,350.0,,1.012,653.8,39.91,Valid
11594,10FORALERERDAC1P,,Comprehensive_Optimization_10only,10ENGN000000AC1P,Short (66.0ms),66.0,,1.007,637.5,40.82,Valid
11597,10SEATRIRERDAC1P,,Comprehensive_Optimization_10only,10ENGN000000AC1P,Valid,350.1,,1.024,629.7,37.37,Valid
11618,10DOORLERE00AC1P,,Comprehensive_Optimization_10only,10ENGN000000AC1P,Valid,350.0,,1.009,614.0,44.44,Valid
11628,10DOORLERERDAC1P,10DOORRIRERDAC1P,DOOR_Rear,,Missing,0.0,,1.015,584.2,30.67,Valid
11629,10DOORLERERDAC1P,10DOORRIRERDAC1P,DOOR_Rear,,Missing,0.0,,1.008,594.7,20.86,Valid
11630,10DOORLERERDAC1P,10DOORRIRERDAC1P,DOOR_Rear,,Missing,0.0,,1.032,670.1,23.58,Valid
11635,10DOORLERERDAC1P,10DOORRIRERDAC1P,DOOR_Rear,,Missing,0.0,,1.005,570.1,18.66,Valid
11636,10DOORLERERDAC1P,10DOORRIRERDAC1P,DOOR_Rear,,Missing,0.0,,1.006,575.1,29.04,Valid
11637,10DOORLERERDAC1P,10DOORRIRERDAC1P,DOOR_Rear,,Missing,0.0,,1.01,614.5,20.05,Valid
11638,10DOORLERERDAC1P,10DOORRIRERDAC1P,DOOR_Rear,,Missing,0.0,,1.005,614.4,22.93,Valid
11639,10DOORLERERDAC1P,10DOORRIRERDAC1P,DOOR_Rear,,Missing,0.0,,1.002,395.0,28.15,Valid
11660,10DOORLERE00AC1P,,Comprehensive_Optimization_10only,10ENGN000000AC1P,Valid,350.0,,1.002,739.5,28.99,Valid
11664,10FORALERE00AC1P,,Comprehensive_Optimization_10only,10ENGN000000AC1P,Valid,350.0,,1.013,666.0,44.8,Valid
11665,10DOORLERERDAC1P,10DOORRIRERDAC1P,DOOR_Rear,,Missing,0.0,,1.007,379.2,34.85,Valid
11668,10FORARIRE00AC1P,,Comprehensive_Optimization_10only,10ENGN000000AC1P,Valid,350.1,,1.005,1414.6,36.85,Outlier
11821,10FORALERERDAC1P,10FORARIRERDAC1P,FORA_Rear,10ENGN000000AC1P,Valid,350.0,,1.009,653.0,37.88,Valid
14048,10FORALERE00AC1P,,Comprehensive_Optimization_10only,10ENGN000000AC1P,Valid,350.1,,1.007,1396.4,44.19,Outlier
14051,10FORALERE00AC1P,,Comprehensive_Optimization_10only,10ENGN000000AC1P,Valid,104.0,,1.015,748.6,34.9,Valid
14059,10FORALERE00AC1P,,Comprehensive_Optimization_10only,10ENGN000000AC1P,Short (80.0ms),80.0,,1.012,627.5,44.45,Valid
14062,10SEATLERERDAC1P,10SEATRIRERDAC1P,SEAT_Rear,10ENGN000000AC1P,Valid,350.1,,1.01,544.6,37.34,Valid
14065,10SEATLERERDAC1P,10SEATRIRERDAC1P,SEAT_Rear,10ENGN000000AC1P,Valid,350.0,,1.013,709.2,42.27,Valid
14071,10FORALERE00AC1P,,Comprehensive_Optimization_10only,10ENGN000000AC1P,Valid,350.1,,1.004,648.5,48.42,Valid
14075,10FORALERERDAC1P,,Comprehensive_Optimization_10only,10ENGN000000AC1P,Valid,350.1,,1.01,844.8,39.86,Valid
14080,10DOORLERERDAC1P,10DOORRIRERDAC1P,DOOR_Rear,10ENGN000000AC1P,Valid,350.1,,1.006,577.0,46.11,Valid
14081,10FORALERERDAC1P,10FORARIRERDAC1P,FORA_Rear,10ENGN000000AC1P,Valid,350.1,,1.016,557.3,60.69,Valid
14084,10SEATLERERDAC1P,10SEATRIRERDAC1P,SEAT_Rear,10ENGN000000AC1P,Valid,350.0,,1.019,604.5,54.87,Valid
14085,10SEATLERE00AC1P,,Comprehensive_Optimization_10only,10ENGN000000AC1P,Valid,350.1,,1.005,681.7,32.6,Valid
14086,10SEATRIRE00AC1P,,Comprehensive_Optimization_10only,10ENGN000000AC1P,Valid,350.0,,1.01,943.4,40.66,Valid
14091,10SEATLERE00AC1P,,Comprehensive_Optimization_10only,10ENGN000000AC1P,Valid,350.0,,1.005,727.0,36.01,Valid
14242,10SEATLERE00AC1P,,Comprehensive_Optimization_10only,10ENGN000000AC1P,Valid,350.1,,1.007,735.3,33.43,Valid
14243,10SEATLERE00AC1P,,Comprehensive_Optimization_10only,10ENGN000000AC1P,Valid,350.1,,1.003,723.3,35.67,Valid
14248,10DOORLERE00AC1P,,Comprehensive_Optimization_10only,10ENGN000000AC1P,Valid,350.1,,1.004,625.2,42.26,Valid
14252,10SEATLERE00AC1P,,Comprehensive_Optimization_10only,10ENGN000000AC1P,Valid,350.1,,1.007,692.0,30.38,Valid
14257,10FORALERERDAC1P,,Comprehensive_Optimization_10only,10ENGN000000AC1P,Valid,350.1,,1.007,652.2,43.87,Valid
14262,10FORALERE00AC1P,,Comprehensive_Optimization_10only,10ENGN000000AC1P,Valid,350.1,,1.007,644.8,43.76,Valid
14264,10SEATLERE00AC1P,,Comprehensive_Optimization_10only,10ENGN000000AC1P,Valid,350.0,,1.009,726.2,36.34,Valid
14266,10DOORLERE00AC1P,,Comprehensive_Optimization_10only,10ENGN000000AC1P,Valid,350.1,,1.022,638.7,38.71,Valid
14271,10SEATLERERDAC1P,10SEATRIRERDAC1P,SEAT_Rear,10ENGN000000AC1P,Valid,350.1,,1.01,655.7,36.05,Valid
14272,10FORALERE00AC1P,,Comprehensive_Optimization_10only,10ENGN000000AC1P,Valid,350.1,,1.016,672.9,37.64,Valid
14282,10SEATRIRERDAC1P,,Comprehensive_Optimization_10only,10ENGN000000AC1P,Valid,350.0,,1.003,625.6,50.46,Valid
14283,10SEATRIRERDAC1P,,Comprehensive_Optimization_10only,10ENGN000000AC1P,Valid,350.2,,1.005,591.1,47.47,Valid
14289,10SEATLERE00AC1P,,Comprehensive_Optimization_10only,10ENGN000000AC1P,Valid,350.1,,1.006,676.1,44.65,Valid
14292,10FORALERE00AC1P,,Comprehensive_Optimization_10only,10ENGN000000AC1P,Short (80.0ms),80.0,,1.029,611.4,51.01,Valid
14294,10DOORLERE00AC1P,,Comprehensive_Optimization_10only,10ENGN000000AC1P,Valid,350.1,,1.012,719.2,41.22,Valid
14295,10SEATLERE00AC1P,,Comprehensive_Optimization_10only,10ENGN000000AC1P,Valid,350.1,,1.003,1480.4,46.9,Outlier
14299,10DOORRIRERDAC1P,,Comprehensive_Optimization_10only,10ENGN000000AC1P,Valid,350.1,,1.004,590.3,37.39,Valid
14316,10FORALERE00AC1P,,Comprehensive_Optimization_10only,10ENGN000000AC1P,Valid,350.1,,1.006,640.1,42.21,Valid
14356,10VEHCCG0000AC1P,,Comprehensive_Optimization_10only,,Missing,0.0,,1.006,630.4,47.95,Valid
14357,10SEATLERE00AC1P,10SEATRIRE00AC1P,SEAT_Rear,,Missing,0.0,,1.003,646.5,50.01,Valid
14358,10VEHCCG0000AC1P,,Comprehensive_Optimization_10only,,Missing,0.0,,1.005,662.1,52.44,Valid
14359,10SEATLERE00AC1P,10SEATRIRE00AC1P,SEAT_Rear,,Missing,0.0,,1.007,487.3,32.2,Valid
14360,10SEATLERE00AC1P,10SEATRIRE00AC1P,SEAT_Rear,,Missing,0.0,,1.015,458.1,36.56,Valid
14361,10SEATLERE00AC1P,10SEATRIRE00AC1P,SEAT_Rear,,Missing,0.0,,1.007,493.8,32.56,Valid
14362,10SEATLERE00AC1P,,Comprehensive_Optimization_10only,10ENGN000000AC1P,Valid,350.2,,1.008,738.3,37.15,Valid
14366,10FORALERERDAC1P,,Comprehensive_Optimization_10only,10ENGN000000AC1P,Valid,350.2,,1.0,1466.4,35.12,Outlier
14381,10FORALERERDAC1P,,Comprehensive_Optimization_10only,10ENGN000000AC1P,Valid,350.2,,1.007,1131.2,39.8,Outlier
14385,10SEATLERE00AC1P,,Comprehensive_Optimization_10only,10ENGN000000AC1P,Valid,350.0,,1.004,625.5,42.31,Valid
14386,10DOORLERE00AC1P,,Comprehensive_Optimization_10only,10ENGN000000AC1P,Valid,350.1,,1.002,606.6,42.47,Valid
14394,10SEATLERE00AC1P,,Comprehensive_Optimization_10only,10ENGN000000AC1P,Valid,350.1,,1.004,629.5,54.14,Valid
14395,10FORALERERDAC1P,10FORARIRERDAC1P,FORA_Rear,10ENGN000000AC1P,Valid,350.2,,1.009,628.6,38.82,Valid
14396,10SEATLERERDAC1P,,Comprehensive_Optimization_10only,10ENGN000000AC1P,Valid,350.2,,1.006,593.1,42.06,Valid
14425,10ENGN000000AC1P,,Comprehensive_Optimization_10only,10ENGN000000AC1P,Valid,350.1,,1.015,729.3,39.26,Valid
14427,10SEATLERE00AC1P,,Comprehensive_Optimization_10only,10ENGN000000AC1P,Valid,350.1,,1.011,570.1,61.42,Valid
14438,10DOORRIRE00AC1P,,Comprehensive_Optimization_10only,10ENGN000000AC1P,Valid,350.2,,1.007,621.9,42.98,Valid
14445,10FORALERE00AC1P,,Comprehensive_Optimization_10only,10ENGN000000AC1P,Valid,350.2,,1.005,1454.5,37.55,Outlier
14466,10FORALERE00AC1P,,Comprehensive_Optimization_10only,10ENGN000000AC1P,Valid,350.2,,1.005,667.1,29.32,Valid
14470,10FORALERE00AC1P,,Comprehensive_Optimization_10only,10ENGN000000AC1P,Valid,350.1,,1.006,641.5,45.5,Valid
14475,10DOORLERERDAC1P,10DOORRIRERDAC1P,DOOR_Rear,,Missing,0.0,,1.007,615.3,38.06,Valid
14476,10VEHCCG0000AC1P,,Comprehensive_Optimization_10only,,Missing,0.0,,1.004,712.7,53.93,Valid
14477,10DOORLERERDAC1P,10DOORRIRERDAC1P,DOOR_Rear,,Missing,0.0,,,,,No Valid 10-Channel
14478,10DOORLERE00AC1P,,Comprehensive_Optimization_10only,,Missing,0.0,,1.034,1245.9,31.12,Outlier
14479,10VEHCCG0000AC1P,,Comprehensive_Optimization_10only,,Missing,0.0,,1.01,677.0,35.56,Valid
14484,10FORALERERDAC1P,,Comprehensive_Optimization_10only,10ENGN000000AC1P,Valid,350.1,,1.004,724.5,32.88,Valid
14490,10FORALERERDAC1P,10FORARIRERDAC1P,FORA_Rear,10ENGN000000AC1P,Short (92.0ms),92.0,,1.005,623.7,30.29,Valid
14495,10FORALERE00AC1P,,Comprehensive_Optimization_10only,10ENGN000000AC1P,Valid,350.1,,1.009,664.9,43.16,Valid
14497,10SEATLERERDAC1P,10SEATRIRERDAC1P,SEAT_Rear,10ENGN000000AC1P,Valid,350.1,,1.005,696.9,33.25,Valid
14500,10SEATRIRE00AC1P,,Comprehensive_Optimization_10only,10ENGN000000AC1P,Valid,350.0,,1.006,709.7,36.47,Valid
14509,10DOORLERE00AC1P,,Comprehensive_Optimization_10only,,Missing,0.0,,1.006,674.8,39.65,Valid
14990,10FORALERE00AC1P,,Comprehensive_Optimization_10only,10ENGN000000AC1P,Valid,350.1,,1.005,629.4,43.21,Valid
14995,10SEATLERERDAC1P,,Comprehensive_Optimization_10only,10ENGN000000AC1P,Valid,350.0,,1.004,702.4,36.8,Valid
15005,10FORALERE00AC1P,,Comprehensive_Optimization_10only,10ENGN000000AC1P,Valid,350.1,,1.007,1522.8,41.82,Outlier
15011,10FORARIRE00AC1P,,Comprehensive_Optimization_10only,10ENGN000000AC1P,Valid,350.1,,1.007,710.1,37.41,Valid
15024,10FORALERE00AC1P,,Comprehensive_Optimization_10only,10ENGN000000AC1P,Valid,350.1,,1.008,715.0,38.74,Valid
15027,10FORARIRERDAC1P,,Comprehensive_Optimization_10only,10ENGN000000AC1P,Valid,350.1,,1.01,782.0,39.94,Valid
15029,10FORALERE00AC1P,,Comprehensive_Optimization_10only,10ENGN000000AC1P,Short (67.0ms),67.0,,1.006,1070.3,37.66,Outlier
15044,10FORALERE00AC1P,,Comprehensive_Optimization_10only,10ENGN000000AC1P,Valid,350.1,,1.012,649.8,32.77,Valid
15045,10DOORLERERDAC1P,10DOORRIRERDAC1P,DOOR_Rear,10ENGN000000AC1P,Valid,350.1,,1.004,492.4,45.57,Valid
15046,10SEATLERE00AC1P,,Comprehensive_Optimization_10only,10ENGN000000AC1P,Valid,350.1,,1.008,611.3,50.26,Valid
15047,10DOORLERERDAC1P,,Comprehensive_Optimization_10only,10ENGN000000AC1P,Valid,350.1,,1.005,558.6,46.23,Valid
15050,10SEATLERE00AC1P,,Comprehensive_Optimization_10only,10ENGN000000AC1P,Valid,350.0,,1.006,672.1,37.23,Valid
15060,10FORALERE00AC1P,,Comprehensive_Optimization_10only,10ENGN000000AC1P,Valid,350.1,,1.005,593.2,40.34,Valid
15064,10SEATLERERDAC1P,,Comprehensive_Optimization_10only,10ENGN000000AC1P,Valid,350.1,,1.005,704.1,43.66,Valid
15070,10DOORLERE00AC1P,,Comprehensive_Optimization_10only,10ENGN000000AC1P,Valid,350.1,,1.001,626.3,50.87,Valid
15074,10FORALERE00AC1P,,Comprehensive_Optimization_10only,10ENGN000000AC1P,Valid,350.1,,1.0,1521.7,35.63,Outlier
15081,10SEATLERE00AC1P,,Comprehensive_Optimization_10only,10ENGN000000AC1P,Valid,350.1,,1.003,694.3,34.23,Valid
15087,10DOORLERERDAC1P,,Comprehensive_Optimization_10only,10ENGN000000AC1P,Valid,350.1,,1.002,1473.9,39.39,Outlier
15092,10FORALERE00AC1P,,Comprehensive_Optimization_10only,10ENGN000000AC1P,Short (98.0ms),98.0,,1.007,722.4,33.03,Valid
15101,10FORALERE00AC1P,,Comprehensive_Optimization_10only,10ENGN000000AC1P,Valid,350.1,,1.0,1481.7,37.54,Outlier
15124,10SEATLERE00AC1P,,Comprehensive_Optimization_10only,10ENGN000000AC1P,Valid,350.1,,1.008,564.2,38.77,Valid
15182,10FORALERE00AC1P,,Comprehensive_Optimization_10only,10ENGN000000AC1P,Valid,350.1,,1.005,732.9,33.04,Valid
15237,10SEATLERE00AC1P,,Comprehensive_Optimization_10only,10ENGN000000AC1P,Valid,350.0,,1.038,683.0,51.04,Valid
15244,10FORALERE00AC1P,,Comprehensive_Optimization_10only,10ENGN000000AC1P,Valid,125.1,,1.008,631.5,43.38,Valid
15250,10SEATLERE00AC1P,,Comprehensive_Optimization_10only,10ENGN000000AC1P,Valid,350.0,,1.005,671.7,36.9,Valid
15261,10SEATLERE00AC1P,,Comprehensive_Optimization_10only,10ENGN000000AC1P,Valid,350.0,,1.003,760.9,35.62,Valid
15266,10FORALERE00AC1P,,Comprehensive_Optimization_10only,10ENGN000000AC1P,Valid,350.1,,1.008,1030.6,42.54,Outlier
15299,10SEATLERERDAC1P,10SEATRIRERDAC1P,SEAT_Rear,10ENGN000000AC1P,Valid,350.0,,1.004,742.1,32.9,Valid
15305,10DOORLERERDAC1P,,Comprehensive_Optimization_10only,10ENGN000000AC1P,Valid,350.1,,1.049,676.9,39.78,Valid
15310,10FORALERE00AC1P,,Comprehensive_Optimization_10only,10ENGN000000AC1P,Valid,350.1,,1.007,524.7,64.12,Valid
15311,10FORARIRERDAC1P,,Comprehensive_Optimization_10only,10ENGN000000AC1P,Valid,350.1,,1.008,1008.1,47.24,Outlier
15312,10DOORLERE00AC1P,,Comprehensive_Optimization_10only,10ENGN000000AC1P,Valid,350.1,,1.004,623.3,37.37,Valid
15319,10SEATLERE00AC1P,,Comprehensive_Optimization_10only,10ENGN000000AC1P,Valid,350.0,,1.008,629.7,30.59,Valid
15324,10FORALERE00AC1P,,Comprehensive_Optimization_10only,10ENGN000000AC1P,Valid,350.1,,1.007,657.6,51.71,Valid
15330,10DOORLERE00AC1P,,Comprehensive_Optimization_10only,10ENGN000000AC1P,Valid,350.1,,1.003,562.7,38.0,Valid
15335,10SEATLERE00AC1P,,Comprehensive_Optimization_10only,10ENGN000000AC1P,Valid,350.0,,1.006,644.3,44.48,Valid
15337,10SEATLERE00AC1P,,Comprehensive_Optimization_10only,10ENGN000000AC1P,Valid,350.0,,1.051,719.9,47.89,Valid
15339,10FORALERERDAC1P,10FORARIRERDAC1P,FORA_Rear,10ENGN000000AC1P,Valid,101.1,,1.007,705.0,38.77,Valid
15347,10FORALERE00AC1P,,Comprehensive_Optimization_10only,10ENGN000000AC1P,Valid,350.1,,1.005,1388.6,37.58,Outlier
15349,10SEATLERE00AC1P,,Comprehensive_Optimization_10only,10ENGN000000AC1P,Valid,350.0,,1.006,681.8,62.43,Valid
15357,10SEATLERERDAC1P,10SEATRIRERDAC1P,SEAT_Rear,10ENGN000000AC1P,Valid,350.0,,1.012,658.9,53.97,Valid
15358,10FORALERE00AC1P,,Comprehensive_Optimization_10only,10ENGN000000AC1P,Valid,350.1,,1.005,1362.3,35.42,Outlier
15415,10DOORLERE00AC1P,,Comprehensive_Optimization_10only,10ENGN000000AC1P,Valid,350.1,,1.002,654.4,33.18,Valid
15451,10SEATLERE00AC1P,,Comprehensive_Optimization_10only,10ENGN000000AC1P,Short (0.0ms),0.0,,1.003,717.1,34.75,Valid
15453,10FORALERE00AC1P,10FORARIRE00AC1P,FORA_Rear,10ENGN000000AC1P,Valid,320.1,10WHELLE0000AC1P,1.003,694.6,35.69,Valid
15454,10SEATLERE00AC1P,,Comprehensive_Optimization_10only,10ENGN000000AC1P,Valid,350.0,,1.007,717.0,38.13,Valid
15459,10DOORLERE00AC1P,,Comprehensive_Optimization_10only,10ENGN000000AC1P,Valid,350.1,,1.004,622.7,38.11,Valid
15483,10FORALERE00AC1P,,Comprehensive_Optimization_10only,10ENGN000000AC1P,Valid,320.1,10WHELLE0000AC1P,1.003,591.8,37.43,Valid
15484,10FORALERE00AC1P,,Comprehensive_Optimization_10only,10ENGN000000AC1P,Valid,320.1,10WHELLE0000AC1P,1.003,587.8,43.04,Valid
15485,10FORALERE00AC1P,,Comprehensive_Optimization_10only,10ENGN000000AC1P,Valid,320.1,10WHELLE0000AC1P,1.003,601.1,40.65,Valid
15487,10FORALERE00AC1P,,Comprehensive_Optimization_10only,10ENGN000000AC1P,Valid,320.1,10WHELLE0000AC1P,1.004,847.5,40.78,Valid
15488,10FORALERE00AC1P,10FORARIRE00AC1P,FORA_Rear,10ENGN000000AC1P,Valid,320.1,10WHELLE0000AC1P,1.003,463.1,24.34,Valid
15489,10FORALERE00AC1P,10FORARIRE00AC1P,FORA_Rear,10ENGN000000AC1P,Valid,320.1,10WHELLE0000AC1P,1.004,479.2,25.56,Valid
15490,10FORARIRE00AC1P,,Comprehensive_Optimization_10only,10ENGN000000AC1P,Valid,320.1,10WHELLE0000AC1P,1.001,998.9,31.87,Valid
15491,10FORALERE00AC1P,,Comprehensive_Optimization_10only,10ENGN000000AC1P,Valid,320.1,10WHELLE0000AC1P,1.003,570.8,40.2,Valid
15492,10FORALERE00AC1P,10FORARIRE00AC1P,FORA_Rear,10ENGN000000AC1P,Valid,320.1,10WHELLE0000AC1P,1.003,375.9,40.85,Valid
15493,10FORALERE00AC1P,10FORARIRE00AC1P,FORA_Rear,10ENGN000000AC1P,Valid,320.1,10WHELLE0000AC1P,1.003,487.5,21.39,Valid
15494,10FORALERE00AC1P,,Comprehensive_Optimization_10only,10ENGN000000AC1P,Valid,320.1,10WHELLE0000AC1P,1.0,886.4,49.41,Valid
15496,10FORALERE00AC1P,,Comprehensive_Optimization_10only,10ENGN000000AC1P,Valid,320.1,10WHELLE0000AC1P,1.005,653.5,43.06,Valid
15497,10FORALERE00AC1P,10FORARIRE00AC1P,FORA_Rear,10ENGN000000AC1P,Valid,320.1,10WHELLE0000AC1P,1.002,408.3,30.69,Valid
15498,10WHELLE0000AC1P,,Comprehensive_Optimization_10only,10ENGN000000AC1P,Valid,320.1,10WHELLE0000AC1P,1.004,708.3,52.26,Valid
15499,10FORALERE00AC1P,10FORARIRE00AC1P,FORA_Rear,10ENGN000000AC1P,Valid,320.1,10WHELLE0000AC1P,1.002,749.2,46.01,Valid
15501,10FORALERE00AC1P,10FORARIRE00AC1P,FORA_Rear,10ENGN000000AC1P,Valid,320.1,10WHELLE0000AC1P,1.003,549.4,61.4,Valid
15502,10FORALERE00AC1P,10FORARIRE00AC1P,FORA_Rear,10ENGN000000AC1P,Valid,320.1,10WHELLE0000AC1P,1.003,422.4,25.29,Valid
15503,10FORALERE00AC1P,10FORARIRE00AC1P,FORA_Rear,10ENGN000000AC1P,Short (0.0ms),0.0,10WHELLE0000AC1P,,,,No Valid 10-Channel
15504,10FORALERE00AC1P,,Comprehensive_Optimization_10only,10ENGN000000AC1P,Valid,320.1,10WHELLE0000AC1P,1.002,621.0,42.61,Valid
15505,10FORALERE00AC1P,10FORARIRE00AC1P,FORA_Rear,10ENGN000000AC1P,Valid,320.1,10WHELLE0000AC1P,1.003,433.3,23.28,Valid
15507,10FORALERERDAC1P,,Comprehensive_Optimization_10only,10ENGN000000AC1P,Short (0.0ms),0.0,,1.005,660.1,27.22,Valid
15509,10SEATLERERDAC1P,10SEATRIRERDAC1P,SEAT_Rear,10ENGN000000AC1P,Valid,350.0,,1.007,689.7,35.96,Valid
6940,10FORALERE00AC1P,10FORARIRE00AC1P,FORA_Rear,10ENGN000000AC1P,Short (60.0ms),60.0,10WHELLE0000AC1P,1.001,653.2,39.75,Valid
6945,10FLORRE0000AC1P,,Comprehensive_Optimization_10only,,Missing,0.0,,1.008,1160.9,40.08,Valid
6946,10VEHCCG0000AC1P,,Comprehensive_Optimization_10only,,Missing,0.0,,1.002,749.3,30.75,Valid
6947,10VEHCCG0000AC1P,,Comprehensive_Optimization_10only,,Missing,0.0,,1.003,674.8,38.28,Valid
6948,10VEHCCG0000AC1P,,Comprehensive_Optimization_10only,,Missing,0.0,,1.004,649.2,39.7,Valid
6951,10SEATLERE00AC1P,,Comprehensive_Optimization_10only,10ENGN000000AC1P,Valid,350.0,10WHELRI0000AC1P,1.003,841.0,34.52,Valid
6953,10DOORLERE00AC1P,10DOORRIRE00AC1P,DOOR_Rear,10ENGN000000AC1P,Short (0.0ms),0.0,10WHELLE0000AC1P,1.001,657.5,38.01,Valid
6964,10SEATLERE00AC1P,10SEATRIRE00AC1P,SEAT_Rear,10ENGN000000AC1P,Valid,350.0,10WHELRI0000AC1P,1.003,672.8,46.67,Valid
6968,10FORALERE00AC1P,10FORARIRE00AC1P,FORA_Rear,10ENGN000000AC1P,Short (50.0ms),50.0,10WHELLE0000AC1P,1.003,489.8,41.33,Valid
6976,10FORALERE00AC1P,10FORARIRE00AC1P,FORA_Rear,10ENGN000000AC1P,Valid,320.0,10WHELLE0000AC1P,1.006,686.9,41.03,Valid
6978,10FORALERE00AC1P,10FORARIRE00AC1P,FORA_Rear,10ENGN000000AC1P,Valid,320.0,10WHELLE0000AC1P,1.003,728.6,35.73,Valid
6982,10VEHCCG0000AC1P,,Comprehensive_Optimization_10only,,Missing,0.0,,1.005,754.8,28.64,Valid
6983,10FLORRE0000AC1P,,FLOR_Single,,Missing,0.0,,1.022,947.8,47.31,Valid
6991,10DOORLERE00AC1P,10DOORRIRE00AC1P,DOOR_Rear,10ENGN000000AC1P,Valid,330.0,10WHELLE0000AC1P,1.015,854.6,34.62,Valid
6992,10FORALERE00AC1P,10FORARIRE00AC1P,FORA_Rear,10ENGN000000AC1P,Valid,320.0,10WHELLE0000AC1P,1.003,680.0,56.3,Valid
6994,10DOORLERE00AC1P,10DOORRIRE00AC1P,DOOR_Rear,10ENGN000000AC1P,Valid,330.0,10WHELLE0000AC1P,1.002,676.9,42.55,Valid
6996,10FORALERE00AC1P,,Comprehensive_Optimization_10only,10ENGN000000AC1P,Short (55.0ms),55.0,10WHELLE0000AC1P,1.004,724.1,39.64,Valid
6998,10SEATLERE00AC1P,,Comprehensive_Optimization_10only,10ENGN000000AC1P,Valid,350.0,10WHELRI0000AC1P,1.012,714.4,37.07,Valid
6999,10FORALERE00AC1P,10FORARIRE00AC1P,FORA_Rear,10ENGN000000AC1P,Valid,320.0,10WHELLE0000AC1P,1.037,724.2,44.11,Valid
7002,10FORALERE00AC1P,10FORARIRE00AC1P,FORA_Rear,10ENGN000000AC1P,Valid,320.0,10WHELLE0000AC1P,1.002,638.8,37.88,Valid
7009,10FORALERE00AC1P,10FORARIRE00AC1P,FORA_Rear,10ENGN000000AC1P,Valid,320.0,10WHELLE0000AC1P,1.002,358.1,26.78,Valid
7010,10FORALERE00AC1P,10FORARIRE00AC1P,FORA_Rear,10ENGN000000AC1P,Valid,320.0,10WHELLE0000AC1P,1.003,407.7,31.15,Valid
7021,10FORALERE00AC1P,10FORARIRE00AC1P,FORA_Rear,10ENGN000000AC1P,Valid,320.0,10WHELLE0000AC1P,1.002,662.6,20.68,Valid
7022,10FORALERE00AC1P,10FORARIRE00AC1P,FORA_Rear,10ENGN000000AC1P,Valid,320.0,10WHELLE0000AC1P,1.003,533.7,27.73,Valid
7023,10FORALERE00AC1P,10FORARIRE00AC1P,FORA_Rear,10ENGN000000AC1P,Valid,320.0,10WHELLE0000AC1P,1.013,455.0,38.36,Valid
7024,10DOORLERE00AC1P,10DOORRIRE00AC1P,DOOR_Rear,10ENGN000000AC1P,Valid,330.0,10WHELLE0000AC1P,1.003,574.7,44.22,Valid
7026,10FORALERE00AC1P,,Comprehensive_Optimization_10only,10ENGN000000AC1P,Valid,320.0,10WHELLE0000AC1P,1.001,665.0,39.08,Valid
7027,10DOORLERE00AC1P,10DOORRIRE00AC1P,DOOR_Rear,10ENGN000000AC1P,Valid,330.0,10WHELLE0000AC1P,1.002,698.7,38.16,Valid
7032,10FORALERE00AC1P,10FORARIRE00AC1P,FORA_Rear,10ENGN000000AC1P,Valid,320.0,10WHELLE0000AC1P,1.004,652.6,59.55,Valid
7034,10FORALERE00AC1P,10FORARIRE00AC1P,FORA_Rear,10ENGN000000AC1P,Valid,320.0,10WHELLE0000AC1P,1.003,490.2,22.14,Valid
7046,10FORALERE00AC1P,10FORARIRE00AC1P,FORA_Rear,10ENGN000000AC1P,Valid,320.0,10WHELLE0000AC1P,1.002,486.3,25.94,Valid
7053,10FORALERE00AC1P,10FORARIRE00AC1P,FORA_Rear,10ENGN000000AC1P,Valid,320.0,10WHELLE0000AC1P,1.002,475.0,24.76,Valid
7056,10FORALERE00AC1P,10FORARIRE00AC1P,FORA_Rear,10ENGN000000AC1P,Valid,320.0,10WHELLE0000AC1P,1.002,702.4,37.99,Valid
7066,10FORALERE00AC1P,,Comprehensive_Optimization_10only,10ENGN000000AC1P,Valid,320.0,10WHELLE0000AC1P,1.006,768.1,29.8,Valid
7068,10FORALERE00AC1P,10FORARIRE00AC1P,FORA_Rear,10ENGN000000AC1P,Valid,320.0,10WHELLE0000AC1P,1.031,666.3,34.49,Valid
7074,10SEATLERE00AC1P,10SEATRIRE00AC1P,SEAT_Rear,10ENGN000000AC1P,Valid,349.9,10WHELRI0000AC1P,1.002,671.8,30.81,Valid
7076,10DOORLERE00AC1P,10DOORRIRE00AC1P,DOOR_Rear,10ENGN000000AC1P,Valid,330.0,10WHELLE0000AC1P,1.003,711.5,43.72,Valid
7078,10FORALERE00AC1P,,Comprehensive_Optimization_10only,10ENGN000000AC1P,Valid,320.0,10WHELLE0000AC1P,1.003,780.0,32.25,Valid
7099,10SEATLERE00AC1P,,Comprehensive_Optimization_10only,10ENGN000000AC1P,Valid,350.0,10WHELRI0000AC1P,1.003,642.1,40.63,Valid
7100,10ENGN000000AC1P,,Comprehensive_Optimization_10only,10ENGN000000AC1P,Valid,330.0,10WHELLE0000AC1P,1.002,458.9,93.52,Valid
7108,10DOORLERE00AC1P,10DOORRIRE00AC1P,DOOR_Rear,10ENGN000000AC1P,Valid,330.0,10WHELLE0000AC1P,1.002,709.4,36.34,Valid
7112,10FORALERE00AC1P,10FORARIRE00AC1P,FORA_Rear,10ENGN000000AC1P,Valid,320.0,10WHELLE0000AC1P,1.001,711.6,44.7,Valid
7115,10SEATLERE00AC1P,,Comprehensive_Optimization_10only,10ENGN000000AC1P,Valid,350.0,10WHELLE0000AC1P,1.006,628.2,32.61,Valid
7120,10FORALERE00AC1P,10FORARIRE00AC1P,FORA_Rear,10ENGN000000AC1P,Valid,320.0,10WHELLE0000AC1P,1.005,937.6,48.08,Valid
7121,10SEATLERE00AC1P,,Comprehensive_Optimization_10only,10ENGN000000AC1P,Valid,350.0,10WHELRI0000AC1P,1.003,674.2,45.12,Valid
7126,10DOORLERE00AC1P,10DOORRIRE00AC1P,DOOR_Rear,10ENGN000000AC1P,Valid,330.0,10WHELLE0000AC1P,1.003,638.3,53.46,Valid
7127,10SEATLERE00AC1P,,Comprehensive_Optimization_10only,10ENGN000000AC1P,Short (0.0ms),0.0,10WHELRI0000AC1P,1.012,621.9,50.77,Valid
7131,10DOORLERE00AC1P,10DOORRIRE00AC1P,DOOR_Rear,10ENGN000000AC1P,Valid,330.0,10WHELLE0000AC1P,1.003,651.0,39.52,Valid
7137,10FORARIRE00AC1P,,Comprehensive_Optimization_10only,10ENGN000000AC1P,Valid,320.0,10WHELLE0000AC1P,1.003,707.8,38.79,Valid
7139,10SEATLERE00AC1P,,Comprehensive_Optimization_10only,10ENGN000000AC1P,Valid,350.0,10WHELRI0000AC1P,1.01,730.7,53.5,Valid
7144,10VEHCCG0000AC1P,,Comprehensive_Optimization_10only,10ENGN000000AC1P,Valid,500.0,10WHELRI0000AC1P,1.02,1918.2,23.42,Outlier
7147,10FORARIRE00AC1P,,Comprehensive_Optimization_10only,10ENGN000000AC1P,Valid,320.0,10WHELLE0000AC1P,1.005,1038.0,35.93,Outlier
7148,10DOORLERE00AC1P,10DOORRIRE00AC1P,DOOR_Rear,10ENGN000000AC1P,Valid,330.0,10WHELLE0000AC1P,1.003,682.4,45.9,Valid
7149,10FORALERE00AC1P,10FORARIRE00AC1P,FORA_Rear,10ENGN000000AC1P,Short (60.0ms),60.0,10WHELLE0000AC1P,1.002,774.4,35.55,Valid
7150,10SEATLERE00AC1P,,Comprehensive_Optimization_10only,10ENGN000000AC1P,Valid,350.0,10WHELRI0000AC1P,1.005,569.9,45.08,Valid
7152,10DOORLERE00AC1P,10DOORRIRE00AC1P,DOOR_Rear,10ENGN000000AC1P,Valid,330.0,10WHELLE0000AC1P,1.003,748.1,37.22,Valid
7158,10FORALERE00AC1P,10FORARIRE00AC1P,FORA_Rear,10ENGN000000AC1P,Valid,320.0,10WHELLE0000AC1P,1.002,675.1,31.39,Valid
7175,10SEATLERE00AC1P,10SEATRIRE00AC1P,SEAT_Rear,10ENGN000000AC1P,Valid,350.0,10WHELRI0000AC1P,1.011,587.6,64.74,Valid
7179,10DOORLERE00AC1P,10DOORRIRE00AC1P,DOOR_Rear,10ENGN000000AC1P,Valid,330.0,10WHELLE0000AC1P,1.001,719.1,53.28,Valid
7180,10FORALERE00AC1P,10FORARIRE00AC1P,FORA_Rear,10ENGN000000AC1P,Short (80.0ms),80.0,10WHELLE0000AC1P,1.004,805.9,33.43,Valid
7182,10FORALERE00AC1P,10FORARIRE00AC1P,FORA_Rear,10ENGN000000AC1P,Short (20.0ms),20.0,10WHELLE0000AC1P,1.001,668.6,52.24,Valid
7183,10DOORLERE00AC1P,10DOORRIRE00AC1P,DOOR_Rear,10ENGN000000AC1P,Valid,330.0,10WHELLE0000AC1P,1.005,643.1,49.83,Valid
7188,10FORALERE00AC1P,10FORARIRE00AC1P,FORA_Rear,10ENGN000000AC1P,Valid,320.0,10WHELLE0000AC1P,1.002,656.8,37.25,Valid
7189,10SEATLERE00AC1P,10SEATRIRE00AC1P,SEAT_Rear,10ENGN000000AC1P,Valid,350.0,10WHELRI0000AC1P,1.009,611.6,39.68,Valid
7194,10FORALERE00AC1P,10FORARIRE00AC1P,FORA_Rear,10ENGN000000AC1P,Short (0.0ms),0.0,10WHELLE0000AC1P,1.004,605.1,42.44,Valid
7196,10DOORLERE00AC1P,10DOORRIRE00AC1P,DOOR_Rear,10ENGN000000AC1P,Valid,330.0,10WHELLE0000AC1P,1.001,732.2,36.07,Valid
7200,10FORALERE00AC1P,10FORARIRE00AC1P,FORA_Rear,10ENGN000000AC1P,Valid,320.0,10WHELLE0000AC1P,1.005,664.5,41.05,Valid
7201,10FORALERE00AC1P,,Comprehensive_Optimization_10only,10ENGN000000AC1P,Valid,320.0,10WHELLE0000AC1P,1.003,630.2,40.87,Valid
7203,10FORALERE00AC1P,10FORARIRE00AC1P,FORA_Rear,10ENGN000000AC1P,Valid,320.0,10WHELLE0000AC1P,1.015,697.6,42.48,Valid
7264,10FORALERE00AC1P,10FORARIRE00AC1P,FORA_Rear,10ENGN000000AC1P,Short (44.0ms),44.0,10WHELLE0000AC1P,1.001,615.5,32.82,Valid
7265,10FORALERE00AC1P,10FORARIRE00AC1P,FORA_Rear,10ENGN000000AC1P,Valid,320.0,10WHELLE0000AC1P,1.004,505.4,23.21,Valid
7266,10FORALERE00AC1P,10FORARIRE00AC1P,FORA_Rear,10ENGN000000AC1P,Valid,320.0,10WHELLE0000AC1P,1.002,577.8,22.54,Valid
7271,10FORALERE00AC1P,10FORARIRE00AC1P,FORA_Rear,10ENGN000000AC1P,Valid,320.0,10WHELLE0000AC1P,1.002,485.7,28.03,Valid
7272,10FORALERE00AC1P,10FORARIRE00AC1P,FORA_Rear,10ENGN000000AC1P,Valid,320.0,10WHELLE0000AC1P,1.002,504.9,31.62,Valid
7273,10FORALERE00AC1P,10FORARIRE00AC1P,FORA_Rear,10ENGN000000AC1P,Valid,320.0,10WHELLE0000AC1P,1.004,527.0,32.4,Valid
7274,10FORALERE00AC1P,10FORARIRE00AC1P,FORA_Rear,10ENGN000000AC1P,Valid,320.0,10WHELLE0000AC1P,1.003,705.3,15.21,Valid
7284,10FORALERE00AC1P,10FORARIRE00AC1P,FORA_Rear,10ENGN000000AC1P,Valid,320.0,10WHELLE0000AC1P,1.002,463.8,30.92,Valid
7291,10FORALERE00AC1P,10FORARIRE00AC1P,FORA_Rear,10ENGN000000AC1P,Valid,320.0,10WHELLE0000AC1P,1.005,904.3,27.26,Valid
7292,10VEHCCG0000AC1P,,Comprehensive_Optimization_10only,,Missing,0.0,,0.865,7494.5,104.28,Outlier
7293,10VEHCCG0000AC1P,,Comprehensive_Optimization_10only,,Missing,0.0,,0.835,6012.6,40.93,Outlier
7301,10FORALERE00AC1P,10FORARIRE00AC1P,FORA_Rear,10ENGN000000AC1P,Valid,320.0,10WHELLE0000AC1P,1.003,439.4,28.03,Valid
7302,10FORALERE00AC1P,10FORARIRE00AC1P,FORA_Rear,10ENGN000000AC1P,Valid,320.0,10WHELLE0000AC1P,1.003,480.8,29.88,Valid
7305,10FORALERE00AC1P,10FORARIRE00AC1P,FORA_Rear,10ENGN000000AC1P,Valid,320.0,10WHELLE0000AC1P,1.001,547.5,33.36,Valid
7308,10FORALERE00AC1P,10FORARIRE00AC1P,FORA_Rear,10ENGN000000AC1P,Short (60.0ms),60.0,10WHELLE0000AC1P,1.021,443.3,34.34,Valid
7321,10FORALERE00AC1P,10FORARIRE00AC1P,FORA_Rear,10ENGN000000AC1P,Valid,320.0,10WHELLE0000AC1P,1.003,531.2,28.21,Valid
7322,10FORALERE00AC1P,10FORARIRE00AC1P,FORA_Rear,10ENGN000000AC1P,Valid,320.0,10WHELLE0000AC1P,1.003,643.9,19.78,Valid
7336,10FORALERE00AC1P,10FORARIRE00AC1P,FORA_Rear,10ENGN000000AC1P,Short (50.0ms),50.0,10WHELLE0000AC1P,1.005,568.5,21.98,Valid
7339,10FORALERE00AC1P,10FORARIRE00AC1P,FORA_Rear,10ENGN000000AC1P,Valid,320.0,10WHELLE0000AC1P,1.002,754.5,34.7,Valid
7342,10DOORLERE00AC1P,10DOORRIRE00AC1P,DOOR_Rear,10ENGN000000AC1P,Valid,330.0,10WHELLE0000AC1P,1.002,626.1,53.59,Valid
7347,10FORALERE00AC1P,10FORARIRE00AC1P,FORA_Rear,10ENGN000000AC1P,Valid,320.0,10WHELLE0000AC1P,1.01,717.9,34.04,Valid
7350,10FORALERE00AC1P,10FORARIRE00AC1P,FORA_Rear,10ENGN000000AC1P,Short (50.0ms),50.0,10WHELLE0000AC1P,1.011,979.0,48.97,Valid
7357,10DOORLERE00AC1P,10DOORRIRE00AC1P,DOOR_Rear,10ENGN000000AC1P,Valid,330.0,10WHELLE0000AC1P,1.001,657.1,32.01,Valid
7358,10FORALERE00AC1P,10FORARIRE00AC1P,FORA_Rear,10ENGN000000AC1P,Valid,320.0,10WHELLE0000AC1P,1.003,596.3,48.9,Valid
7359,10SEATLERE00AC1P,,Comprehensive_Optimization_10only,10ENGN000000AC1P,Valid,350.0,10WHELRI0000AC1P,1.004,656.1,35.6,Valid
7360,10DOORLERE00AC1P,10DOORRIRE00AC1P,DOOR_Rear,10ENGN000000AC1P,Valid,330.0,10WHELLE0000AC1P,1.002,631.5,36.57,Valid
7362,10FORALERE00AC1P,,Comprehensive_Optimization_10only,10ENGN000000AC1P,Valid,320.0,10WHELLE0000AC1P,0.237,227.0,22.76,Outlier
7370,10FORALERE00AC1P,10FORARIRE00AC1P,FORA_Rear,10ENGN000000AC1P,Valid,320.0,10WHELLE0000AC1P,1.002,694.1,42.26,Valid
7371,10DOORLEFR00AC1P,,Comprehensive_Optimization_10only,,Missing,0.0,,0.846,5598.4,50.35,Outlier
7375,10FORALERE00AC1P,10FORARIRE00AC1P,FORA_Rear,10ENGN000000AC1P,Short (80.0ms),80.0,10WHELLE0000AC1P,1.005,956.4,40.62,Valid
7393,10FORARIRE00AC1P,,Comprehensive_Optimization_10only,10ENGN000000AC1P,Valid,320.0,10WHELLE0000AC1P,1.002,682.8,39.45,Valid
7417,10FORARIRE00AC1P,,Comprehensive_Optimization_10only,10ENGN000000AC1P,Valid,320.0,10WHELLE0000AC1P,1.001,1094.4,47.72,Outlier
7419,10DOORLERE00AC1P,10DOORRIRE00AC1P,DOOR_Rear,10ENGN000000AC1P,Valid,330.0,10WHELLE0000AC1P,1.001,810.1,34.02,Valid
7440,10FORALERE00AC1P,,Comprehensive_Optimization_10only,10ENGN000000AC1P,Valid,320.0,10WHELLE0000AC1P,1.003,610.2,41.08,Valid
7460,10FORALERERDAC1P,10FORARIRERDAC1P,FORA_Rear,10ENGN000000AC1P,Short (93.0ms),93.0,10WHELLE0000AC1P,1.048,677.8,34.85,Valid
7464,10FORALERERDAC1P,10FORARIRERDAC1P,FORA_Rear,10ENGN000000AC1P,Valid,320.0,10WHELLE0000AC1P,1.002,688.7,34.75,Valid
7471,10FORALERE00AC1P,,Comprehensive_Optimization_10only,10ENGN000000AC1P,Valid,320.0,10WHELLE0000AC1P,1.004,708.6,56.66,Valid
7475,10DOORLERERDAC1P,10DOORRIRERDAC1P,DOOR_Rear,10ENGN000000AC1P,Valid,330.0,10WHELLE0000AC1P,1.003,702.4,33.09,Valid
7478,10DOORLERERDAC1P,10DOORRIRERDAC1P,DOOR_Rear,10ENGN000000AC1P,Valid,330.0,10WHELLE0000AC1P,1.003,704.5,38.85,Valid
7481,10DOORLERERDAC1P,10DOORRIRERDAC1P,DOOR_Rear,10ENGN000000AC1P,Valid,330.0,10WHELLE0000AC1P,1.004,610.5,49.34,Valid
7482,10SEATLERE00AC1P,,Comprehensive_Optimization_10only,10ENGN000000AC1P,Valid,350.0,10WHELRI0000AC1P,1.01,678.9,35.43,Valid
7488,10SEATRIRERDAC1P,,Comprehensive_Optimization_10only,10ENGN000000AC1P,Valid,350.0,10WHELLE0000AC1P,1.014,1041.6,34.7,Outlier
7494,10FORALERERDAC1P,10FORARIRERDAC1P,FORA_Rear,10ENGN000000AC1P,Valid,320.0,10WHELLE0000AC1P,1.001,690.0,37.34,Valid
7495,10FORALERE00AC1P,,Comprehensive_Optimization_10only,10ENGN000000AC1P,Short (53.5ms),53.5,10WHELLE0000AC1P,1.005,686.8,46.29,Valid
7502,10DOORLERERDAC1P,10DOORRIRERDAC1P,DOOR_Rear,10ENGN000000AC1P,Valid,330.0,10WHELLE0000AC1P,1.003,631.5,39.53,Valid
7504,10FORALERERDAC1P,10FORARIRERDAC1P,FORA_Rear,10ENGN000000AC1P,Valid,320.0,10WHELLE0000AC1P,1.003,549.7,58.1,Valid
7505,10DOORLERERDAC1P,10DOORRIRERDAC1P,DOOR_Rear,10ENGN000000AC1P,Valid,330.0,10WHELLE0000AC1P,1.002,398.2,70.87,Valid
7509,10FORALERERDAC1P,,Comprehensive_Optimization_10only,10ENGN000000AC1P,Short (35.0ms),35.0,10WHELLE0000AC1P,1.003,760.9,25.98,Valid
7516,10SEATLERERDAC1P,10SEATRIRERDAC1P,SEAT_Rear,10ENGN000000AC1P,Valid,350.0,10WHELLE0000AC1P,1.011,606.1,47.49,Valid
7520,10FORALERERDAC1P,10FORARIRERDAC1P,FORA_Rear,10ENGN000000AC1P,Valid,320.0,10WHELLE0000AC1P,1.004,683.3,45.11,Valid
7521,10DOORLERERDAC1P,10DOORRIRERDAC1P,DOOR_Rear,10ENGN000000AC1P,Valid,330.0,10WHELLE0000AC1P,1.002,654.1,44.98,Valid
7525,10SEATLERE00AC1P,,Comprehensive_Optimization_10only,10ENGN000000AC1P,Valid,350.0,10WHELLE0000AC1P,1.024,712.9,43.76,Valid
7526,10FORALERERDAC1P,10FORARIRERDAC1P,FORA_Rear,10ENGN000000AC1P,Short (79.0ms),79.0,10WHELLE0000AC1P,1.005,641.7,52.25,Valid
7527,10FORALERERDAC1P,,Comprehensive_Optimization_10only,10ENGN000000AC1P,Valid,320.0,10WHELLE0000AC1P,1.001,678.9,39.46,Valid
7531,10DOORLERERDAC1P,10DOORRIRERDAC1P,DOOR_Rear,10ENGN000000AC1P,Valid,330.0,10WHELLE0000AC1P,1.024,621.6,41.12,Valid
7536,10FORALERERDAC1P,10FORARIRERDAC1P,FORA_Rear,10ENGN000000AC1P,Short (57.0ms),57.0,10WHELLE0000AC1P,1.003,667.4,47.9,Valid
7564,10FORALERE00AC1P,,Comprehensive_Optimization_10only,10ENGN000000AC1P,Valid,320.0,10WHELLE0000AC1P,1.003,579.4,43.06,Valid
7566,10SEATLERE00AC1P,,Comprehensive_Optimization_10only,10ENGN000000AC1P,Valid,350.0,10WHELLE0000AC1P,1.003,722.8,42.12,Valid
7567,10SEATLERERDAC1P,10SEATRIRERDAC1P,SEAT_Rear,10ENGN000000AC1P,Valid,350.0,10WHELLE0000AC1P,1.019,628.2,50.89,Valid
7569,10DOORLERE00AC1P,,Comprehensive_Optimization_10only,10ENGN000000AC1P,Valid,330.0,10WHELLE0000AC1P,1.003,744.4,38.22,Valid
7573,10SEATLERERDAC1P,10SEATRIRERDAC1P,SEAT_Rear,10ENGN000000AC1P,Valid,350.0,10WHELLE0000AC1P,1.005,661.2,38.93,Valid
7574,10FORARIRERDAC1P,,Comprehensive_Optimization_10only,10ENGN000000AC1P,Valid,320.0,10WHELLE0000AC1P,1.004,980.1,42.47,Outlier
7577,10DOORLERE00AC1P,,Comprehensive_Optimization_10only,10ENGN000000AC1P,Valid,330.0,10WHELLE0000AC1P,1.001,649.7,37.09,Valid
7579,10FORALERERDAC1P,10FORARIRERDAC1P,FORA_Rear,10ENGN000000AC1P,Valid,320.0,10WHELLE0000AC1P,1.003,751.0,40.25,Valid
7582,10FORALERE00AC1P,,Comprehensive_Optimization_10only,10ENGN000000AC1P,Valid,320.0,10WHELLE0000AC1P,1.003,684.4,33.27,Valid
7585,10DOORLERE00AC1P,,Comprehensive_Optimization_10only,10ENGN000000AC1P,Valid,330.0,10WHELLE0000AC1P,1.002,604.5,54.58,Valid
7587,10FORALERE00AC1P,,Comprehensive_Optimization_10only,10ENGN000000AC1P,Short (57.0ms),57.0,10WHELLE0000AC1P,1.038,831.1,43.32,Valid
7588,10SEATLERE00AC1P,,Comprehensive_Optimization_10only,10ENGN000000AC1P,Valid,350.0,10WHELLE0000AC1P,0.88,2469.8,24.56,Outlier
7592,10FORALERERDAC1P,10FORARIRERDAC1P,FORA_Rear,10ENGN000000AC1P,Short (51.0ms),51.0,10WHELLE0000AC1P,1.002,652.2,44.53,Valid
7605,10DOORLERE00AC1P,,Comprehensive_Optimization_10only,10ENGN000000AC1P,Valid,330.0,10WHELLE0000AC1P,1.002,578.2,51.9,Valid
7606,10FORALERE00AC1P,,Comprehensive_Optimization_10only,10ENGN000000AC1P,Valid,320.0,10WHELLE0000AC1P,1.069,805.8,40.37,Valid
7609,10DOORLERERDAC1P,10DOORRIRERDAC1P,DOOR_Rear,10ENGN000000AC1P,Valid,330.0,10WHELLE0000AC1P,1.002,669.9,48.68,Valid
7612,10DOORLERERDAC1P,10DOORRIRERDAC1P,DOOR_Rear,10ENGN000000AC1P,Valid,330.0,10WHELLE0000AC1P,1.005,608.3,45.93,Valid
7614,10DOORLERERDAC1P,,Comprehensive_Optimization_10only,10ENGN000000AC1P,Valid,330.0,10WHELLE0000AC1P,1.002,664.4,39.91,Valid
7615,10SEATLERERDAC1P,,Comprehensive_Optimization_10only,10ENGN000000AC1P,Valid,350.0,10WHELLE0000AC1P,1.004,743.7,40.62,Valid
7617,10FORALERERDAC1P,10FORARIRERDAC1P,FORA_Rear,10ENGN000000AC1P,Valid,320.0,10WHELLE0000AC1P,1.002,626.7,41.44,Valid
7618,10DOORLERE00AC1P,,Comprehensive_Optimization_10only,10ENGN000000AC1P,Valid,330.0,10WHELLE0000AC1P,1.002,693.8,46.41,Valid
7619,10FORALERE00AC1P,,Comprehensive_Optimization_10only,10ENGN000000AC1P,Short (35.0ms),35.0,10WHELLE0000AC1P,1.001,656.2,88.01,Valid
7620,10DOORLERERDAC1P,10DOORRIRERDAC1P,DOOR_Rear,10ENGN000000AC1P,Valid,330.0,10WHELLE0000AC1P,1.005,527.4,46.43,Valid
7622,10SEATLERE00AC1P,,Comprehensive_Optimization_10only,10ENGN000000AC1P,Valid,350.0,10WHELLE0000AC1P,1.008,827.7,53.52,Valid
7623,10DOORLERE00AC1P,,Comprehensive_Optimization_10only,10ENGN000000AC1P,Valid,330.0,10WHELLE0000AC1P,1.002,760.5,31.98,Valid
7624,10DOORLERE00AC1P,,Comprehensive_Optimization_10only,10ENGN000000AC1P,Valid,330.0,10WHELLE0000AC1P,1.001,683.1,28.86,Valid
7625,10DOORLERE00AC1P,,Comprehensive_Optimization_10only,10ENGN000000AC1P,Valid,330.0,10WHELLE0000AC1P,1.001,687.4,31.14,Valid
7626,10FORALERERDAC1P,10FORARIRERDAC1P,FORA_Rear,10ENGN000000AC1P,Valid,320.0,10WHELLE0000AC1P,1.003,636.8,52.19,Valid
7627,10DOORLERERDAC1P,,Comprehensive_Optimization_10only,10ENGN000000AC1P,Valid,330.0,10WHELLE0000AC1P,1.003,688.3,32.18,Valid
7628,10SEATLERE00AC1P,,Comprehensive_Optimization_10only,10ENGN000000AC1P,Valid,350.0,10WHELLE0000AC1P,1.004,705.5,36.7,Valid
7641,10FORALERERDAC1P,10FORARIRERDAC1P,FORA_Rear,10ENGN000000AC1P,Short (66.0ms),66.0,10WHELLE0000AC1P,1.026,612.2,50.78,Valid
7717,10FORALERE00AC1P,,Comprehensive_Optimization_10only,10ENGN000000AC1P,Valid,320.0,10WHELLE0000AC1P,1.007,518.1,52.57,Valid
7720,10FORALERERDAC1P,10FORARIRERDAC1P,FORA_Rear,10ENGN000000AC1P,Valid,320.0,10WHELLE0000AC1P,1.002,645.4,42.22,Valid
7729,10DOORLERERDAC1P,10DOORRIRERDAC1P,DOOR_Rear,10ENGN000000AC1P,Valid,330.0,10WHELLE0000AC1P,1.005,455.1,67.46,Valid
7732,10FORALERE00AC1P,,Comprehensive_Optimization_10only,10ENGN000000AC1P,Short (70.0ms),70.0,10WHELLE0000AC1P,1.003,700.7,43.09,Valid
7734,10FORALERE00AC1P,,Comprehensive_Optimization_10only,10ENGN000000AC1P,Valid,320.0,10WHELLE0000AC1P,1.005,606.8,43.5,Valid
7740,10FORALERE00AC1P,,Comprehensive_Optimization_10only,10ENGN000000AC1P,Valid,320.0,10WHELLE0000AC1P,1.002,732.8,32.9,Valid
7744,10DOORLERE00AC1P,,Comprehensive_Optimization_10only,10ENGN000000AC1P,Valid,330.0,10WHELLE0000AC1P,1.003,532.5,56.17,Valid
7747,10DOORLERE00AC1P,,Comprehensive_Optimization_10only,10ENGN000000AC1P,Valid,330.0,10WHELLE0000AC1P,1.003,836.5,26.36,Valid
7751,10FORALERERDAC1P,10FORARIRERDAC1P,FORA_Rear,10ENGN000000AC1P,Short (59.0ms),59.0,10WHELLE0000AC1P,1.003,596.6,51.13,Valid
7755,10DOORLERE00AC1P,,Comprehensive_Optimization_10only,10ENGN000000AC1P,Valid,330.0,10WHELLE0000AC1P,1.001,602.8,48.99,Valid
7792,10FORALERE00AC1P,10FORARIRE00AC1P,FORA_Rear,10ENGN000000AC1P,Valid,320.0,10WHELLE0000AC1P,1.003,449.2,27.61,Valid
7793,10FORALERE00AC1P,10FORARIRE00AC1P,FORA_Rear,10ENGN000000AC1P,Valid,320.0,10WHELLE0000AC1P,1.002,491.6,29.95,Valid
7805,10FORALERE00AC1P,10FORARIRE00AC1P,FORA_Rear,10ENGN000000AC1P,Valid,320.0,10WHELLE0000AC1P,1.003,591.1,31.89,Valid
7806,10FORALERE00AC1P,10FORARIRE00AC1P,FORA_Rear,10ENGN000000AC1P,Valid,320.0,10WHELLE0000AC1P,1.005,528.1,30.46,Valid
7856,10FORALERERDAC1P,,Comprehensive_Optimization_10only,10ENGN000000AC1P,Valid,320.0,10WHELLE0000AC1P,1.003,739.7,36.17,Valid
7857,10DOORLERERDAC1P,10DOORRIRERDAC1P,DOOR_Rear,10ENGN000000AC1P,Valid,330.0,10WHELLE0000AC1P,1.003,590.0,47.89,Valid
7863,10FORALERE00AC1P,,Comprehensive_Optimization_10only,10ENGN000000AC1P,Valid,320.0,10WHELLE0000AC1P,1.005,583.3,43.43,Valid
7869,10FORALERE00AC1P,,Comprehensive_Optimization_10only,10ENGN000000AC1P,Short (68.0ms),68.0,10WHELLE0000AC1P,1.003,733.1,40.58,Valid
7871,10DOORLERE00AC1P,,Comprehensive_Optimization_10only,10ENGN000000AC1P,Valid,330.0,10WHELLE0000AC1P,1.002,703.4,48.76,Valid
7872,10DOORLERERDAC1P,10DOORRIRERDAC1P,DOOR_Rear,10ENGN000000AC1P,Valid,330.0,10WHELLE0000AC1P,1.001,684.4,39.99,Valid
7873,10DOORLERERDAC1P,10DOORRIRERDAC1P,DOOR_Rear,10ENGN000000AC1P,Valid,330.0,10WHELLE0000AC1P,1.005,637.6,46.47,Valid
7876,10FORALERERDAC1P,10FORARIRERDAC1P,FORA_Rear,10ENGN000000AC1P,Valid,320.0,10WHELLE0000AC1P,0.995,639.8,44.98,Valid
7879,10FORALERE00AC1P,10FORARIRE00AC1P,FORA_Rear,10ENGN000000AC1P,Valid,320.0,10WHELLE0000AC1P,1.004,511.2,21.18,Valid
7880,10FORALERE00AC1P,10FORARIRE00AC1P,FORA_Rear,10ENGN000000AC1P,Valid,320.0,10WHELLE0000AC1P,1.003,498.9,25.69,Valid
7894,10FORALERE00AC1P,10FORARIRE00AC1P,FORA_Rear,10ENGN000000AC1P,Valid,320.0,10WHELLE0000AC1P,1.007,445.5,28.29,Valid
7895,10FORALERE00AC1P,10FORARIRE00AC1P,FORA_Rear,10ENGN000000AC1P,Valid,320.0,10WHELLE0000AC1P,1.002,413.4,28.41,Valid
7896,10FORALERE00AC1P,10FORARIRE00AC1P,FORA_Rear,10ENGN000000AC1P,Valid,320.0,10WHELLE0000AC1P,1.005,475.1,26.65,Valid
7897,10FORALERE00AC1P,10FORARIRE00AC1P,FORA_Rear,10ENGN000000AC1P,Valid,320.0,10WHELLE0000AC1P,1.002,402.1,35.6,Valid
7898,10FORALERE00AC1P,10FORARIRE00AC1P,FORA_Rear,10ENGN000000AC1P,Valid,320.0,10WHELLE0000AC1P,1.001,513.9,24.33,Valid
7905,10FORALERE00AC1P,10FORARIRE00AC1P,FORA_Rear,10ENGN000000AC1P,Valid,320.0,10WHELLE0000AC1P,1.002,957.2,15.05,Valid
7916,10FORALERE00AC1P,10FORARIRE00AC1P,FORA_Rear,10ENGN000000AC1P,Valid,320.0,10WHELLE0000AC1P,1.004,438.9,23.81,Valid
7917,10ENGN000000AC1P,,Comprehensive_Optimization_10only,10ENGN000000AC1P,Valid,320.0,10WHELLE0000AC1P,1.002,923.9,28.97,Valid
7931,10FORALERERDAC1P,10FORARIRERDAC1P,FORA_Rear,10ENGN000000AC1P,Valid,320.0,10WHELLE0000AC1P,1.002,674.9,37.88,Valid
7937,10FORALERE00AC1P,10FORARIRE00AC1P,FORA_Rear,10ENGN000000AC1P,Valid,320.0,10WHELLE0000AC1P,1.002,418.0,31.78,Valid
7938,10FORALERE00AC1P,10FORARIRE00AC1P,FORA_Rear,10ENGN000000AC1P,Valid,320.0,10WHELLE0000AC1P,1.002,462.1,34.48,Valid
7941,10DOORLERE00AC1P,,Comprehensive_Optimization_10only,10ENGN000000AC1P,Valid,330.0,10WHELLE0000AC1P,1.002,647.5,37.87,Valid
7947,10DOORRIRERDAC1P,,Comprehensive_Optimization_10only,10ENGN000000AC1P,Valid,330.0,10WHELLE0000AC1P,1.003,744.7,32.2,Valid
7965,10DOORLERE00AC1P,,Comprehensive_Optimization_10only,10ENGN000000AC1P,Valid,330.0,10WHELLE0000AC1P,1.004,677.6,49.81,Valid
7966,10FORALERE00AC1P,,Comprehensive_Optimization_10only,10ENGN000000AC1P,Valid,320.0,10WHELLE0000AC1P,1.002,721.1,34.46,Valid
7969,10FORALERERDAC1P,10FORARIRERDAC1P,FORA_Rear,10ENGN000000AC1P,Valid,320.0,10WHELLE0000AC1P,1.004,645.2,69.45,Valid
7971,10FORALERE00AC1P,10FORARIRE00AC1P,FORA_Rear,10ENGN000000AC1P,Valid,320.0,10WHELLE0000AC1P,1.002,355.2,31.64,Valid
7972,10FORALERE00AC1P,10FORARIRE00AC1P,FORA_Rear,10ENGN000000AC1P,Valid,320.0,10WHELLE0000AC1P,1.003,425.9,28.24,Valid
7973,10FORALERE00AC1P,10FORARIRE00AC1P,FORA_Rear,10ENGN000000AC1P,Valid,320.0,10WHELLE0000AC1P,1.002,449.3,25.88,Valid
7975,10FORALERERDAC1P,10FORARIRERDAC1P,FORA_Rear,10ENGN000000AC1P,Short (58.0ms),58.0,10WHELLE0000AC1P,1.002,733.1,39.96,Valid
7977,10DOORLERERDAC1P,10DOORRIRERDAC1P,DOOR_Rear,10ENGN000000AC1P,Valid,330.0,,1.003,619.3,41.1,Valid
7978,10FORALERERDAC1P,10FORARIRERDAC1P,FORA_Rear,10ENGN000000AC1P,Valid,320.0,,0.993,574.4,59.4,Valid
7983,10SEATLERERDAC1P,10SEATRIRERDAC1P,SEAT_Rear,10ENGN000000AC1P,Valid,330.0,,1.006,558.7,40.99,Valid
7989,10FORALERERDAC1P,10FORARIRERDAC1P,FORA_Rear,10ENGN000000AC1P,Valid,320.0,,1.003,666.9,32.94,Valid
7991,10FORALERE00AC1P,10FORARIRE00AC1P,FORA_Rear,10ENGN000000AC1P,Valid,320.0,10WHELLE0000AC1P,1.002,346.6,34.37,Valid
7992,10FORALERE00AC1P,10FORARIRE00AC1P,FORA_Rear,10ENGN000000AC1P,Valid,320.0,10WHELLE0000AC1P,1.004,480.1,20.22,Valid
7995,10SEATLERERDAC1P,10SEATRIRERDAC1P,SEAT_Rear,10ENGN000000AC1P,Valid,320.1,,1.004,660.3,30.04,Valid
8000,10FORALERERDAC1P,10FORARIRERDAC1P,FORA_Rear,10ENGN000000AC1P,Valid,320.0,,1.015,669.9,39.14,Valid
8001,10SEATLERE00AC1P,,Comprehensive_Optimization_10only,10ENGN000000AC1P,Valid,330.0,,1.003,719.7,39.43,Valid
8024,10FORALERERDAC1P,10FORARIRERDAC1P,FORA_Rear,10ENGN000000AC1P,Valid,320.0,,1.002,663.1,40.13,Valid
8026,10SEATLERERDAC1P,,Comprehensive_Optimization_10only,10ENGN000000AC1P,Valid,330.1,,1.002,1059.2,36.6,Outlier
8027,10FORALERERDAC1P,,Comprehensive_Optimization_10only,10ENGN000000AC1P,Valid,320.0,,1.072,1149.6,38.86,Outlier
8030,10SEATLERE00AC1P,,Comprehensive_Optimization_10only,10ENGN000000AC1P,Valid,330.1,,1.003,627.8,39.89,Valid
8035,10DOORLERE00AC1P,,Comprehensive_Optimization_10only,10ENGN000000AC1P,Valid,330.0,,1.003,731.8,34.37,Valid
8036,10SEATLERERDAC1P,10SEATRIRERDAC1P,SEAT_Rear,10ENGN000000AC1P,Valid,320.1,,1.002,961.2,40.33,Valid
8038,10FORARIRERDAC1P,,Comprehensive_Optimization_10only,10ENGN000000AC1P,Valid,320.0,,1.003,695.2,53.16,Valid
8043,10FORALERERDAC1P,10FORARIRERDAC1P,FORA_Rear,10ENGN000000AC1P,Short (32.0ms),32.0,,1.003,666.2,29.08,Valid
8045,10DOORLERERDAC1P,10DOORRIRERDAC1P,DOOR_Rear,10ENGN000000AC1P,Valid,330.0,,1.003,618.4,41.08,Valid
8048,10FORARIRE00AC1P,,Comprehensive_Optimization_10only,10ENGN000000AC1P,Short (60.0ms),60.0,,1.026,793.1,39.12,Valid
8049,10SEATRIRE00AC1P,,Comprehensive_Optimization_10only,10ENGN000000AC1P,Valid,330.0,,1.002,1042.8,36.58,Outlier
8055,10DOORLERERDAC1P,10DOORRIRERDAC1P,DOOR_Rear,10ENGN000000AC1P,Valid,330.0,,1.004,666.2,47.88,Valid
8057,10FORALERE00AC1P,,Comprehensive_Optimization_10only,10ENGN000000AC1P,Short (99.0ms),99.0,,1.002,596.5,58.8,Valid
8064,10DOORLERERDAC1P,10DOORRIRERDAC1P,DOOR_Rear,10ENGN000000AC1P,Valid,330.0,,1.004,564.5,47.37,Valid
8066,10FORALERERDAC1P,10FORARIRERDAC1P,FORA_Rear,10ENGN000000AC1P,Valid,320.0,,1.013,652.9,39.01,Valid
8068,10DOORLERE00AC1P,,Comprehensive_Optimization_10only,10ENGN000000AC1P,Valid,330.0,,1.002,676.8,47.75,Valid
8071,10FORALERERDAC1P,,Comprehensive_Optimization_10only,10ENGN000000AC1P,Short (75.0ms),75.0,,1.001,960.3,38.1,Valid
8077,10FORALERERDAC1P,10FORARIRERDAC1P,FORA_Rear,10ENGN000000AC1P,Valid,320.0,,1.003,674.6,35.3,Valid
8080,10DOORLERE00AC1P,,Comprehensive_Optimization_10only,10ENGN000000AC1P,Valid,330.0,,1.002,646.3,65.25,Valid
8081,10DOORLERE00AC1P,,Comprehensive_Optimization_10only,10ENGN000000AC1P,Valid,330.0,,1.002,838.0,28.85,Valid
8091,10FORARIRE00AC1P,,Comprehensive_Optimization_10only,10ENGN000000AC1P,Valid,320.0,,1.006,649.3,44.01,Valid
8100,10FORALERERDAC1P,10FORARIRERDAC1P,FORA_Rear,10ENGN000000AC1P,Valid,320.0,,1.009,715.5,49.15,Valid
8104,10DOORLERE00AC1P,,Comprehensive_Optimization_10only,10ENGN000000AC1P,Valid,330.0,,1.002,761.0,35.96,Valid
8106,10DOORLERERDAC1P,10DOORRIRERDAC1P,DOOR_Rear,10ENGN000000AC1P,Valid,330.0,,1.003,613.4,42.48,Valid
8125,10SEATLERERDAC1P,,Comprehensive_Optimization_10only,10ENGN000000AC1P,Valid,330.0,,1.002,714.6,28.65,Valid
8147,10FORALERE00AC1P,10FORARIRE00AC1P,FORA_Rear,10ENGN000000AC1P,Valid,320.0,10WHELLE0000AC1P,1.003,434.5,31.49,Valid
8151,10FORALERE00AC1P,,Comprehensive_Optimization_10only,10ENGN000000AC1P,Valid,320.0,,1.002,684.7,39.56,Valid
8153,10DOORLERERDAC1P,10DOORRIRERDAC1P,DOOR_Rear,10ENGN000000AC1P,Valid,330.0,,1.003,604.5,44.67,Valid
8155,10FORALERERDAC1P,10FORARIRERDAC1P,FORA_Rear,10ENGN000000AC1P,Short (37.0ms),37.0,,1.002,572.8,59.16,Valid
8156,10DOORLERE00AC1P,,Comprehensive_Optimization_10only,10ENGN000000AC1P,Valid,330.0,,1.004,687.8,36.77,Valid
8158,10SEATLERERDAC1P,10SEATRIRERDAC1P,SEAT_Rear,10ENGN000000AC1P,Valid,330.1,,1.002,723.0,54.14,Valid
8159,10FORALERE00AC1P,10FORARIRE00AC1P,FORA_Rear,10ENGN000000AC1P,Valid,320.0,10WHELLE0000AC1P,1.004,310.3,36.52,Valid
8191,10FORALERERDAC1P,10FORARIRERDAC1P,FORA_Rear,10ENGN000000AC1P,Valid,320.0,,1.001,598.7,67.36,Valid
8193,10SEATLERERDAC1P,10SEATRIRERDAC1P,SEAT_Rear,10ENGN000000AC1P,Valid,330.0,,1.004,636.5,39.12,Valid
8195,10FORALERE00AC1P,10FORARIRE00AC1P,FORA_Rear,10ENGN000000AC1P,Valid,320.0,10WHELLE0000AC1P,1.002,470.1,27.74,Valid
8196,10FORALERE00AC1P,10FORARIRE00AC1P,FORA_Rear,10ENGN000000AC1P,Valid,320.0,10WHELLE0000AC1P,1.007,379.9,37.01,Valid
8204,10DOORLERE00AC1P,,Comprehensive_Optimization_10only,10ENGN000000AC1P,Valid,330.0,,1.004,705.3,38.05,Valid
8209,10FORALERERDAC1P,10FORARIRERDAC1P,FORA_Rear,10ENGN000000AC1P,Valid,320.0,,1.002,688.4,36.88,Valid
8212,10FORALERERDAC1P,10FORARIRERDAC1P,FORA_Rear,10ENGN000000AC1P,Valid,320.0,,1.002,580.0,35.84,Valid
8213,10FORALERERDAC1P,10FORARIRERDAC1P,FORA_Rear,10ENGN000000AC1P,Valid,320.0,,1.003,789.2,34.12,Valid
8217,10FORALERE00AC1P,,Comprehensive_Optimization_10only,10ENGN000000AC1P,Short (66.0ms),66.0,,1.002,704.9,36.06,Valid
8251,10FORALERE00AC1P,,Comprehensive_Optimization_10only,10ENGN000000AC1P,Valid,320.0,10WHELLE0000AC1P,1.005,493.1,42.58,Valid
8290,10SEATLERE00AC1P,,Comprehensive_Optimization_10only,10ENGN000000AC1P,Valid,330.1,,1.002,1009.0,36.26,Outlier
8293,10SEATLERE00AC1P,,Comprehensive_Optimization_10only,10ENGN000000AC1P,Valid,330.0,,1.004,741.8,38.77,Valid
8294,10FORALERERDAC1P,10FORARIRERDAC1P,FORA_Rear,10ENGN000000AC1P,Valid,320.0,,1.003,626.4,46.47,Valid
8297,10FORALERERDAC1P,10FORARIRERDAC1P,FORA_Rear,10ENGN000000AC1P,Valid,320.0,,1.003,681.3,37.51,Valid
8308,10DOORLERERDAC1P,10DOORRIRERDAC1P,DOOR_Rear,10ENGN000000AC1P,Valid,330.0,,1.002,652.5,35.05,Valid
8314,10DOORLERERDAC1P,10DOORRIRERDAC1P,DOOR_Rear,10ENGN000000AC1P,Valid,330.0,,1.002,509.6,57.75,Valid
8316,10FORARIRE00AC1P,,Comprehensive_Optimization_10only,10ENGN000000AC1P,Valid,320.0,,1.003,701.2,34.27,Valid
8321,10FORALERE00AC1P,,Comprehensive_Optimization_10only,10ENGN000000AC1P,Valid,320.0,,1.002,633.5,60.17,Valid
8322,10DOORLERERDAC1P,10DOORRIRERDAC1P,DOOR_Rear,10ENGN000000AC1P,Valid,330.0,,1.002,692.6,41.14,Valid
8325,10FORALERE00AC1P,10FORARIRE00AC1P,FORA_Rear,10ENGN000000AC1P,Short (39.0ms),39.0,10WHELLE0000AC1P,1.003,451.0,20.52,Valid
8356,10FORALERERDAC1P,10FORARIRERDAC1P,FORA_Rear,10ENGN000000AC1P,Valid,320.0,,1.001,597.2,66.55,Valid
8358,10FORALERE00AC1P,,Comprehensive_Optimization_10only,10ENGN000000AC1P,Short (70.0ms),70.0,,1.002,739.4,36.8,Valid
8379,10FORALERE00AC1P,10FORARIRE00AC1P,FORA_Rear,10ENGN000000AC1P,Valid,320.0,10WHELLE0000AC1P,1.002,462.0,29.81,Valid
8380,10FORALERE00AC1P,10FORARIRE00AC1P,FORA_Rear,10ENGN000000AC1P,Valid,320.0,10WHELLE0000AC1P,1.005,486.3,25.62,Valid
8385,10FORALERE00AC1P,,Comprehensive_Optimization_10only,10ENGN000000AC1P,Valid,320.0,,1.006,676.4,33.95,Valid
8388,10FORALERE00AC1P,10FORARIRE00AC1P,FORA_Rear,10ENGN000000AC1P,Valid,320.0,10WHELLE0000AC1P,1.004,458.3,35.28,Valid
8405,10FORALERE00AC1P,,Comprehensive_Optimization_10only,10ENGN000000AC1P,Valid,350.0,,1.032,735.1,46.36,Valid
8407,10FORARIRE00AC1P,,Comprehensive_Optimization_10only,10ENGN000000AC1P,Valid,350.0,,1.004,1221.6,45.42,Outlier
8412,10FORARIRERDAC1P,,Comprehensive_Optimization_10only,10ENGN000000AC1P,Short (98.0ms),98.0,,1.006,722.3,35.29,Valid
8413,10SEATLERERDAC1P,10SEATRIRERDAC1P,SEAT_Rear,10ENGN000000AC1P,Valid,330.1,,1.005,686.8,60.29,Valid
8446,10DOORLERERDAC1P,10DOORRIRERDAC1P,DOOR_Rear,10ENGN000000AC1P,Valid,330.0,,1.002,629.1,51.17,Valid
8455,10SEATLERE00AC1P,,Comprehensive_Optimization_10only,10ENGN000000AC1P,Valid,350.0,,1.029,1154.9,62.23,Outlier
8456,10FORALERE00AC1P,,Comprehensive_Optimization_10only,10ENGN000000AC1P,Valid,350.0,,1.013,702.3,37.79,Valid
8457,10SEATLERE00AC1P,,Comprehensive_Optimization_10only,10ENGN000000AC1P,Valid,350.0,,1.01,722.8,40.57,Valid
8459,10DOORLERERDAC1P,10DOORRIRERDAC1P,DOOR_Rear,10ENGN000000AC1P,Valid,330.0,,1.002,594.5,41.92,Valid
8464,10FORALERERDAC1P,10FORARIRERDAC1P,FORA_Rear,10ENGN000000AC1P,Short (78.0ms),78.0,,1.015,548.7,44.01,Valid
8470,10FORALERE00AC1P,,Comprehensive_Optimization_10only,10ENGN000000AC1P,Valid,350.0,,1.018,667.0,42.88,Valid
8480,10FORALERERDAC1P,,Comprehensive_Optimization_10only,10ENGN000000AC1P,Valid,350.0,,1.004,795.6,32.53,Valid
8487,10SEATLERE00AC1P,,Comprehensive_Optimization_10only,10ENGN000000AC1P,Valid,350.0,,1.011,972.0,36.05,Valid
8495,10FORALERE00AC1P,,Comprehensive_Optimization_10only,10ENGN000000AC1P,Valid,350.0,,1.007,677.4,42.38,Valid
8515,10DOORLERERDAC1P,,Comprehensive_Optimization_10only,10ENGN000000AC1P,Valid,330.0,,1.003,609.1,39.98,Valid
8520,10FORALERERDAC1P,10FORARIRERDAC1P,FORA_Rear,10ENGN000000AC1P,Valid,350.0,,1.015,666.6,33.88,Valid
8521,10SEATLERERDAC1P,10SEATRIRERDAC1P,SEAT_Rear,10ENGN000000AC1P,Valid,360.1,,1.005,619.4,51.56,Valid
8526,10FORALERERDAC1P,10FORARIRERDAC1P,FORA_Rear,10ENGN000000AC1P,Valid,350.0,,1.012,651.4,45.99,Valid
8531,10FORALERERDAC1P,10FORARIRERDAC1P,FORA_Rear,10ENGN000000AC1P,Valid,350.0,,1.015,648.0,50.88,Valid
8537,10SEATLERE00AC1P,,Comprehensive_Optimization_10only,10ENGN000000AC1P,Valid,350.0,,1.007,681.3,40.62,Valid
8538,10DOORLERE00AC1P,,Comprehensive_Optimization_10only,10ENGN000000AC1P,Valid,330.0,,1.002,613.0,57.7,Valid
8539,10SEATLERE00AC1P,,Comprehensive_Optimization_10only,10ENGN000000AC1P,Valid,350.0,,1.005,690.5,32.73,Valid
8540,10SEATLERERDAC1P,10SEATRIRERDAC1P,SEAT_Rear,10ENGN000000AC1P,Valid,350.0,,1.006,583.3,45.8,Valid
8543,10SEATLERE00AC1P,,Comprehensive_Optimization_10only,10ENGN000000AC1P,Valid,350.0,,1.009,635.1,47.85,Valid
8545,10SEATLERERDAC1P,,SEAT_Rear,10ENGN000000AC1P,Valid,350.0,,1.01,849.5,38.16,Valid
8562,10SEATLERE00AC1P,,Comprehensive_Optimization_10only,10ENGN000000AC1P,Valid,350.0,,1.01,685.3,31.89,Valid
8587,10FORALERE00AC1P,10FORARIRE00AC1P,FORA_Rear,10ENGN000000AC1P,Valid,320.0,10WHELLE0000AC1P,1.003,502.1,30.66,Valid
8588,10SEATLERE00AC1P,,Comprehensive_Optimization_10only,10ENGN000000AC1P,Valid,350.0,,1.006,661.5,49.05,Valid
8589,10SEATLERE00AC1P,,Comprehensive_Optimization_10only,10ENGN000000AC1P,Valid,350.0,,1.002,623.7,50.05,Valid
8603,10SEATLERE00AC1P,10SEATRIRE00AC1P,SEAT_Rear,10ENGN000000AC1P,Valid,330.1,10WHELLE0000AC1P,1.002,500.7,25.41,Valid
8604,10SEATLERE00AC1P,,Comprehensive_Optimization_10only,10ENGN000000AC1P,Valid,350.0,,1.008,672.7,30.18,Valid
8605,10SEATLERE00AC1P,,Comprehensive_Optimization_10only,10ENGN000000AC1P,Valid,350.1,,1.009,755.3,33.94,Valid
8612,10FORALERE00AC1P,10FORARIRE00AC1P,FORA_Rear,10ENGN000000AC1P,Valid,320.0,10WHELLE0000AC1P,1.002,460.3,29.43,Valid
8613,10FORALERE00AC1P,10FORARIRE00AC1P,FORA_Rear,10ENGN000000AC1P,Valid,320.0,10WHELLE0000AC1P,1.002,473.4,24.43,Valid
8651,10FORALERE00AC1P,,Comprehensive_Optimization_10only,10ENGN000000AC1P,Valid,320.0,10WHELLE0000AC1P,1.002,638.0,43.96,Valid
8660,10SEATLERERDAC1P,10SEATRIRERDAC1P,SEAT_Rear,10ENGN000000AC1P,Valid,350.0,,1.012,976.2,41.96,Valid
8748,10FORALERE00AC1P,,Comprehensive_Optimization_10only,10ENGN000000AC1P,Valid,350.0,,1.007,766.7,32.5,Valid
8761,10FORALERE00AC1P,10FORARIRE00AC1P,FORA_Rear,10ENGN000000AC1P,Short (45.0ms),45.0,10WHELLE0000AC1P,1.003,307.9,35.68,Valid
8778,10FORALERE00AC1P,10FORARIRE00AC1P,FORA_Rear,10ENGN000000AC1P,Short (45.0ms),45.0,10WHELLE0000AC1P,1.002,444.0,27.69,Valid
8781,10ENGN000000AC1P,,Comprehensive_Optimization_10only,10ENGN000000AC1P,Valid,350.0,,1.006,425.1,93.87,Valid
8877,10FORALERERDAC1P,,Comprehensive_Optimization_10only,10ENGN000000AC1P,Valid,350.0,,1.014,664.0,47.58,Valid
8878,10FORALERE00AC1P,,Comprehensive_Optimization_10only,10ENGN000000AC1P,Valid,350.0,,1.003,705.9,34.58,Valid
8890,10FORALERE00AC1P,10FORARIRE00AC1P,FORA_Rear,10ENGN000000AC1P,Valid,320.0,10WHELLE0000AC1P,1.001,456.9,29.64,Valid
8891,,10FORARIRE00AC1P,FORA_Rear,10ENGN000000AC1P,Valid,320.0,10WHELLE0000AC1P,1.002,458.5,30.42,Valid
8898,10FORALERE00AC1P,10FORARIRE00AC1P,FORA_Rear,10ENGN000000AC1P,Valid,320.0,10WHELLE0000AC1P,1.016,669.4,21.67,Valid
8899,10FORALERE00AC1P,10FORARIRE00AC1P,FORA_Rear,10ENGN000000AC1P,Valid,320.0,10WHELLE0000AC1P,1.003,505.4,31.31,Valid
8900,10SENS000000AC1P,,Comprehensive_Optimization_10only,10ENGN000000AC1P,Valid,320.0,10WHELLE0000AC1P,1.002,635.5,50.19,Valid
8901,10SENS000100AC1P,,Comprehensive_Optimization_10only,10ENGN000000AC1P,Valid,320.0,10WHELLE0000AC1P,1.004,943.2,48.12,Valid
8909,10FORALERERDAC1P,10FORARIRERDAC1P,FORA_Rear,10ENGN000000AC1P,Valid,350.0,,1.007,592.8,53.66,Valid
8949,10FORALERERDAC1P,10FORARIRERDAC1P,FORA_Rear,10ENGN000000AC1P,Valid,350.0,,1.004,710.0,39.37,Valid
8982,10FORALERERDAC1P,10FORARIRERDAC1P,FORA_Rear,10ENGN000000AC1P,Valid,350.0,,1.011,671.7,41.46,Valid
8984,10FORALERE00AC1P,10FORARIRE00AC1P,FORA_Rear,10ENGN000000AC1P,Valid,320.0,10WHELLE0000AC1P,1.002,418.1,30.48,Valid
8987,10FORALERE00AC1P,,Comprehensive_Optimization_10only,10ENGN000000AC1P,Valid,350.0,,1.01,671.6,42.34,Valid
8988,10DOORLERERDAC1P,10DOORRIRERDAC1P,DOOR_Rear,10ENGN000000AC1P,Valid,330.0,,1.002,677.8,32.31,Valid
8993,10FORALERERDAC1P,10FORARIRERDAC1P,FORA_Rear,10ENGN000000AC1P,Valid,350.0,,1.009,517.6,45.27,Valid
9005,10FORARIRE00AC1P,,Comprehensive_Optimization_10only,10ENGN000000AC1P,Valid,350.0,,0.935,564.5,51.59,Valid
9009,10DOORLERE00AC1P,,Comprehensive_Optimization_10only,10ENGN000000AC1P,Valid,330.0,,1.006,640.9,44.29,Valid
9010,10DOORLERE00AC1P,,Comprehensive_Optimization_10only,10ENGN000000AC1P,Valid,330.0,,1.003,634.0,47.83,Valid
9011,10DOORLERE00AC1P,,Comprehensive_Optimization_10only,10ENGN000000AC1P,Valid,330.0,,1.02,836.0,38.41,Valid
9012,10FORALERERDAC1P,,Comprehensive_Optimization_10only,10ENGN000000AC1P,Valid,350.0,,1.01,717.3,36.54,Valid
9029,10FORALERE00AC1P,,Comprehensive_Optimization_10only,10ENGN000000AC1P,Valid,350.0,,1.013,637.4,44.75,Valid
9030,10FORALERERDAC1P,10FORARIRERDAC1P,FORA_Rear,10ENGN000000AC1P,Valid,350.0,,1.004,536.5,53.62,Valid
9033,10SEATLERE00AC1P,,Comprehensive_Optimization_10only,10ENGN000000AC1P,Valid,350.0,,1.007,682.8,34.84,Valid
9035,10FORALERE00AC1P,,Comprehensive_Optimization_10only,10ENGN000000AC1P,Valid,350.0,,1.012,664.0,42.25,Valid
9047,10DOORRIRE00AC1P,,Comprehensive_Optimization_10only,10ENGN000000AC1P,Valid,330.0,,1.002,1187.3,53.91,Valid
9048,10SEATLERERDAC1P,10SEATRIRERDAC1P,SEAT_Rear,10ENGN000000AC1P,Valid,350.0,,1.005,657.8,36.22,Valid
9051,10FORALERE00AC1P,,Comprehensive_Optimization_10only,10ENGN000000AC1P,Valid,350.0,,1.003,721.7,30.05,Valid
9059,10DOORLERE00AC1P,,Comprehensive_Optimization_10only,10ENGN000000AC1P,Valid,330.0,,1.004,675.1,44.23,Valid
9065,10SEATLERERDAC1P,10SEATRIRERDAC1P,SEAT_Rear,10ENGN000000AC1P,Valid,360.1,,1.004,780.1,44.11,Valid
9068,10FORALERE00AC1P,,Comprehensive_Optimization_10only,10ENGN000000AC1P,Valid,350.0,,1.013,747.0,41.74,Valid
9069,10SEATLERE00AC1P,,Comprehensive_Optimization_10only,10ENGN000000AC1P,Valid,360.1,,1.004,701.7,36.7,Valid
9070,10FORALERE00AC1P,,Comprehensive_Optimization_10only,10ENGN000000AC1P,Valid,350.0,,1.004,1238.6,59.75,Outlier
9077,10SEATLERERDAC1P,10SEATRIRERDAC1P,SEAT_Rear,10ENGN000000AC1P,Valid,350.0,,1.004,599.5,70.81,Valid
9078,10FORALERERDAC1P,10FORARIRERDAC1P,FORA_Rear,10ENGN000000AC1P,Valid,350.0,,1.012,566.0,54.05,Valid
9079,10SEATLERERDAC1P,10SEATRIRERDAC1P,SEAT_Rear,10ENGN000000AC1P,Valid,350.0,,1.017,694.5,39.65,Valid
9080,10SEATLERERDAC1P,,Comprehensive_Optimization_10only,10ENGN000000AC1P,Valid,350.0,,1.004,619.1,37.5,Valid
9086,10SEATLERE00AC1P,,Comprehensive_Optimization_10only,10ENGN000000AC1P,Valid,350.0,,1.003,720.7,37.35,Valid
9097,10FORARIRE00AC1P,,Comprehensive_Optimization_10only,10ENGN000000AC1P,Valid,350.0,,1.01,812.5,32.74,Valid
9107,10FORALERE00AC1P,10FORARIRE00AC1P,FORA_Rear,10ENGN000000AC1P,Short (45.0ms),45.0,10WHELLE0000AC1P,1.007,657.1,22.93,Valid
9108,10FORALERE00AC1P,10FORARIRE00AC1P,FORA_Rear,10ENGN000000AC1P,Valid,320.0,10WHELLE0000AC1P,1.004,282.3,37.36,Valid
9109,10FORALERE00AC1P,10FORARIRE00AC1P,FORA_Rear,10ENGN000000AC1P,Short (90.0ms),90.0,10WHELLE0000AC1P,1.002,574.0,28.24,Valid
9111,10FORARIRE00AC1P,,Comprehensive_Optimization_10only,10ENGN000000AC1P,Valid,350.0,,1.0,1496.9,34.43,Outlier
9114,10DOORLERERDAC1P,10DOORRIRERDAC1P,DOOR_Rear,10ENGN000000AC1P,Valid,330.0,,1.002,700.0,30.6,Valid
9136,10FORALERERDAC1P,,Comprehensive_Optimization_10only,10ENGN000000AC1P,Valid,350.0,,1.007,710.3,36.11,Valid
9156,10FORALERERDAC1P,,Comprehensive_Optimization_10only,10ENGN000000AC1P,Short (100.0ms),100.0,,1.007,723.8,39.93,Valid
9157,10FORALERERDAC1P,10FORARIRERDAC1P,FORA_Rear,10ENGN000000AC1P,Valid,350.0,,1.011,615.5,49.07,Valid
9160,10FORARIRERDAC1P,,Comprehensive_Optimization_10only,10ENGN000000AC1P,Valid,350.0,,1.008,605.9,37.61,Valid
9166,10FORALERE00AC1P,,Comprehensive_Optimization_10only,10ENGN000000AC1P,Valid,350.0,,1.009,717.9,39.44,Valid
9248,10DOORLERERDAC1P,,Comprehensive_Optimization_10only,10ENGN000000AC1P,Valid,330.0,,1.002,604.5,48.28,Valid
9250,10DOORLERERDAC1P,,Comprehensive_Optimization_10only,10ENGN000000AC1P,Valid,330.0,,1.005,708.1,35.04,Valid
9252,10FORALERE00AC1P,,Comprehensive_Optimization_10only,10ENGN000000AC1P,Valid,350.0,,1.003,708.1,38.67,Valid
9295,10FORALERE00AC1P,,Comprehensive_Optimization_10only,10ENGN000000AC1P,Short (0.0ms),0.0,,1.003,657.9,46.67,Valid
9296,10FORALERE00AC1P,,Comprehensive_Optimization_10only,10ENGN000000AC1P,Valid,350.0,,1.029,659.3,45.83,Valid
9326,10FORALERERDAC1P,10FORARIRERDAC1P,FORA_Rear,10ENGN000000AC1P,Valid,350.0,,1.013,707.6,34.21,Valid
9332,10SEATLERE00AC1P,10SEATRIRE00AC1P,SEAT_Rear,10ENGN000000AC1P,Valid,350.0,,1.003,687.1,34.48,Valid
9333,10SEATLEFR00ACXP,,Comprehensive_Optimization_10only,10ENGN000000AC1P,Valid,350.0,,1.009,765.7,32.99,Valid
9334,10SEATLERE00AC1P,10SEATRIRE00AC1P,SEAT_Rear,10ENGN000000AC1P,Valid,350.0,,1.008,661.0,51.05,Valid
9335,10SEATRIRE00AC1P,,Comprehensive_Optimization_10only,10ENGN000000AC1P,Valid,350.0,,1.006,593.0,33.4,Valid
9336,10DOORLERERDAC1P,,Comprehensive_Optimization_10only,10ENGN000000AC1P,Valid,350.0,,1.015,731.2,34.31,Valid
9337,10VEHCCG0000AC1P,,Comprehensive_Optimization_10only,10ENGN000000AC1P,Valid,350.0,,1.017,701.2,37.16,Valid
9344,10FORALERE00AC1P,10FORARIRE00AC1P,FORA_Rear,10ENGN000000AC1P,Valid,320.0,10WHELLE0000AC1P,1.003,423.1,28.32,Valid
9345,10FORALERE00AC1P,10FORARIRE00AC1P,FORA_Rear,10ENGN000000AC1P,Valid,320.0,10WHELLE0000AC1P,1.003,430.7,31.34,Valid
9346,10FORALERE00AC1P,10FORARIRE00AC1P,FORA_Rear,10ENGN000000AC1P,Valid,320.0,10WHELLE0000AC1P,1.001,454.9,32.6,Valid
9350,10FORALERERDAC1P,,Comprehensive_Optimization_10only,10ENGN000000AC1P,Valid,350.0,,1.009,624.3,38.29,Valid
9484,10SEATLERERDAC1P,10SEATRIRERDAC1P,SEAT_Rear,10ENGN000000AC1P,Valid,360.1,,1.005,752.1,29.93,Valid
9487,10DOORLERE00AC1P,,Comprehensive_Optimization_10only,10ENGN000000AC1P,Valid,330.0,,1.004,703.5,43.0,Valid
9492,10FORALERE00AC1P,,Comprehensive_Optimization_10only,10ENGN000000AC1P,Valid,350.0,,1.008,668.6,41.05,Valid
9493,10SEATLERE00AC1P,,Comprehensive_Optimization_10only,10ENGN000000AC1P,Valid,360.1,,1.034,794.5,43.81,Valid
9494,10DOORLERE00AC1P,,Comprehensive_Optimization_10only,10ENGN000000AC1P,Valid,330.0,,1.005,608.5,38.76,Valid
9503,10FORALERE00AC1P,,Comprehensive_Optimization_10only,10ENGN000000AC1P,Short (100.0ms),100.0,,1.022,757.6,39.0,Valid
9511,10DOORLERE00AC1P,,Comprehensive_Optimization_10only,10ENGN000000AC1P,Valid,330.0,,1.001,690.8,45.8,Valid
9512,10FORALERERDAC1P,10FORARIRERDAC1P,FORA_Rear,10ENGN000000AC1P,Valid,350.0,,1.006,523.9,42.12,Valid
9534,10FORALERE00AC1P,10FORARIRE00AC1P,FORA_Rear,10ENGN000000AC1P,Valid,320.0,10WHELLE0000AC1P,1.007,442.4,29.3,Valid
9535,10FORALERE00AC1P,10FORARIRE00AC1P,FORA_Rear,10ENGN000000AC1P,Valid,320.0,10WHELLE0000AC1P,1.003,457.8,28.57,Valid
9536,10FORALERE00AC1P,10FORARIRE00AC1P,FORA_Rear,10ENGN000000AC1P,Valid,320.0,10WHELLE0000AC1P,1.005,427.9,22.13,Valid
9537,10FORALERE00AC1P,10FORARIRE00AC1P,FORA_Rear,10ENGN000000AC1P,Short (39.0ms),39.0,10WHELLE0000AC1P,1.001,342.9,42.5,Valid
9538,10FORALERE00AC1P,10FORARIRE00AC1P,FORA_Rear,10ENGN000000AC1P,Valid,320.0,10WHELLE0000AC1P,1.002,388.7,61.09,Valid
9552,10FORALERERDAC1P,10FORARIRERDAC1P,FORA_Rear,10ENGN000000AC1P,Valid,350.0,,1.008,614.7,57.25,Valid
9553,10SEATLERERDAC1P,10SEATRIRERDAC1P,SEAT_Rear,10ENGN000000AC1P,Valid,360.1,,1.009,594.2,51.21,Valid
9557,10FORALERE00AC1P,,Comprehensive_Optimization_10only,10ENGN000000AC1P,Valid,350.0,,1.003,1111.7,71.65,Outlier
9561,10SEATLERE00AC1P,,Comprehensive_Optimization_10only,10ENGN000000AC1P,Valid,360.1,,1.006,645.2,37.81,Valid
9563,10DOORLERERDAC1P,10DOORRIRERDAC1P,DOOR_Rear,10ENGN000000AC1P,Valid,330.0,,1.003,653.0,41.88,Valid
9566,10SEATLEFR00ACXP,,Comprehensive_Optimization_10only,10ENGN000000AC1P,Valid,350.0,,1.022,1061.2,37.88,Outlier
9567,10SEATLERE00AC1P,10SEATRIRE00AC1P,SEAT_Rear,10ENGN000000AC1P,Valid,350.0,,1.005,693.9,34.67,Valid
9568,10SEATLERE00AC1P,,Comprehensive_Optimization_10only,10ENGN000000AC1P,Valid,350.0,,1.004,765.9,28.48,Valid
9569,10VEHCCG0000AC1P,,Comprehensive_Optimization_10only,10ENGN000000AC1P,Valid,350.0,,1.012,669.3,45.63,Valid
9570,10SEATLERE00AC1P,10SEATRIRE00AC1P,SEAT_Rear,10ENGN000000AC1P,Valid,350.0,,1.005,730.7,34.78,Valid
9591,10SEATRIRE00AC1P,,Comprehensive_Optimization_10only,10ENGN000000AC1P,Valid,360.1,,1.007,689.1,41.58,Valid
9592,10FORALERERDAC1P,,Comprehensive_Optimization_10only,10ENGN000000AC1P,Valid,350.0,,1.006,623.4,46.82,Valid
9593,10FORALERERDAC1P,,Comprehensive_Optimization_10only,10ENGN000000AC1P,Valid,350.0,,1.008,664.4,35.03,Valid
9649,10FORALERE00AC1P,,Comprehensive_Optimization_10only,10ENGN000000AC1P,Short (80.0ms),80.0,,1.002,637.3,46.25,Valid
9664,10FORALERE00AC1P,10FORARIRE00AC1P,FORA_Rear,10ENGN000000AC1P,Valid,320.0,10WHELLE0000AC1P,1.028,449.9,25.31,Valid
9671,10FORALERE00AC1P,10FORARIRE00AC1P,FORA_Rear,10ENGN000000AC1P,Valid,320.0,10WHELLE0000AC1P,1.001,473.7,22.83,Valid
9678,10FORALERE00AC1P,10FORARIRE00AC1P,FORA_Rear,10ENGN000000AC1P,Valid,320.0,10WHELLE0000AC1P,1.003,402.2,27.72,Valid
9686,10FORALERE00AC1P,10FORARIRE00AC1P,FORA_Rear,10ENGN000000AC1P,Valid,150.0,10WHELLE0000AC1P,1.005,314.2,29.63,Valid
9692,10FORALERE00AC1P,10FORARIRE00AC1P,FORA_Rear,10ENGN000000AC1P,Valid,320.0,10WHELLE0000AC1P,1.003,477.8,31.23,Valid
9696,10FORALERE00AC1P,,Comprehensive_Optimization_10only,10ENGN000000AC1P,Valid,350.0,,1.008,640.2,38.99,Valid
9745,10FORALERERDAC1P,10FORARIRERDAC1P,FORA_Rear,10ENGN000000AC1P,Valid,350.0,,1.016,599.7,48.59,Valid
9757,10DOORLERE00AC1P,,Comprehensive_Optimization_10only,10ENGN000000AC1P,Valid,330.0,,1.002,651.2,43.01,Valid
9761,10FORALERERDAC1P,10FORARIRERDAC1P,FORA_Rear,10ENGN000000AC1P,Valid,350.0,,1.008,672.2,56.35,Valid
9762,10DOORLERE00AC1P,,Comprehensive_Optimization_10only,10ENGN000000AC1P,Valid,330.0,,1.004,630.5,40.71,Valid
9763,10FORARIRE00AC1P,,Comprehensive_Optimization_10only,10ENGN000000AC1P,Valid,350.0,,1.012,637.8,37.0,Valid
9764,10SEATLERERDAC1P,10SEATRIRERDAC1P,SEAT_Rear,10ENGN000000AC1P,Valid,360.1,,1.003,609.0,39.09,Valid
9793,10SEATLERE00AC1P,,Comprehensive_Optimization_10only,10ENGN000000AC1P,Valid,350.0,,1.004,635.2,43.86,Valid
9801,10FORALERERDAC1P,10FORARIRERDAC1P,FORA_Rear,10ENGN000000AC1P,Valid,350.0,,1.007,694.6,46.35,Valid
9808,10FORALERE00AC1P,,Comprehensive_Optimization_10only,10ENGN000000AC1P,Valid,350.0,,1.007,655.8,35.1,Valid
9939,10FORALERE00AC1P,,Comprehensive_Optimization_10only,10ENGN000000AC1P,Valid,350.0,,1.007,617.7,43.52,Valid
9946,10SEATLERE00AC1P,,Comprehensive_Optimization_10only,10ENGN000000AC1P,Valid,360.1,,1.004,671.4,38.23,Valid
9961,10FORARIRERDAC1P,,Comprehensive_Optimization_10only,10ENGN000000AC1P,Valid,350.0,,1.01,612.9,37.01,Valid
9964,10SEATLERE00AC1P,,Comprehensive_Optimization_10only,10ENGN000000AC1P,Valid,350.0,,1.006,709.0,37.43,Valid
9965,10SEATLERE00AC1P,10SEATRIRE00AC1P,SEAT_Rear,10ENGN000000AC1P,Valid,350.0,,1.006,689.5,62.92,Valid
9966,10DOORLERE00AC1P,,Comprehensive_Optimization_10only,10ENGN000000AC1P,Valid,350.0,,1.009,715.4,35.63,Valid
9969,10SEATLERERDAC1P,10SEATRIRERDAC1P,SEAT_Rear,10ENGN000000AC1P,Valid,360.1,,1.007,689.9,33.87,Valid
9970,10FORALERE00AC1P,,Comprehensive_Optimization_10only,10ENGN000000AC1P,Short (88.0ms),88.0,,1.009,615.1,41.05,Valid
9982,10SEATLERERDAC1P,10SEATRIRERDAC1P,SEAT_Rear,10ENGN000000AC1P,Valid,350.0,,1.005,688.2,37.24,Valid
9984,10SEATLERERDAC1P,10SEATRIRERDAC1P,SEAT_Rear,10ENGN000000AC1P,Valid,360.1,,1.003,734.7,47.04,Valid
9987,10SEATLERE00AC1P,,Comprehensive_Optimization_10only,10ENGN000000AC1P,Valid,360.1,,1.015,574.8,38.4,Valid
9989,10SEATLERE00AC1P,10SEATRIRE00AC1P,SEAT_Rear,10ENGN000000AC1P,Valid,350.0,,1.009,909.2,36.02,Valid
9991,10SEATLERERDAC1P,,Comprehensive_Optimization_10only,10ENGN000000AC1P,Valid,360.1,,1.002,661.0,39.87,Valid
9992,10FORALERE00AC1P,,Comprehensive_Optimization_10only,10ENGN000000AC1P,Valid,350.0,,1.009,653.9,38.28,Valid
9997,10DOORLERERDAC1P,10DOORRIRERDAC1P,DOOR_Rear,10ENGN000000AC1P,Valid,330.0,,1.002,662.4,40.57,Valid
9999,10DOORLERE00AC1P,,Comprehensive_Optimization_10only,10ENGN000000AC1P,Valid,330.0,,1.004,707.5,29.31,Valid
